"psu","sex1","sex2","resp1","resp2","resp3","resp4","age","ageGrp1","ageGrp2","ageGrp3","ageGrp4","ageGrp5","marital1","marital2","marital3","marital4","marital5","marital6","alone","MF","DDS","FG01","FG02","FG03","FG04","FG05","FG06","FG07","FG08","FG09","FG10","FG11","proteinRich","pProtein","aProtein","pVitA","aVitA","xVitA","ironRich","caRich","znRich","vitB1","vitB2","vitB3","vitB6","vitB12","vitBcomplex","HHS1","HHS2","HHS3","wgVisionD0","wgVisionD1","wgVisionD2","wgVisionD3","wgHearingD0","wgHearingD1","wgHearingD2","wgHearingD3","wgMobilityD0","wgMobilityD1","wgMobilityD2","wgMobilityD3","wgRememberingD0","wgRememberingD1","wgRememberingD2","wgRememberingD3","wgSelfCareD0","wgSelfCareD1","wgSelfCareD2","wgSelfCareD3","wgCommunicatingD0","wgCommunicatingD1","wgCommunicatingD2","wgCommunicatingD3","wgP0","wgP1","wgP2","wgP3","wgPM","ADL01","ADL02","ADL03","ADL04","ADL05","ADL06","scoreADL","classADL1","classADL2","classADL3","hasHelp","unmetNeed","K6","K6Case","DS","H1","H2","H31","H32","H33","H34","H35","H36","H37","H38","H39","H4","H5","H61","H62","H63","H64","H65","H66","H67","H68","H69","M1","M2A","M2B","M2C","M2D","M2E","M2F","M2G","M2H","M2I","W1","W2","W3","W4","MUAC","oedema","screened","poorVA","chew","food","NFRI"
201,0,1,1,0,0,0,67,0,1,0,0,0,0,0,0,0,1,0,0,3,6,1,1,1,0,0,1,1,0,0,0,1,1,1,0,1,0,1,1,0,1,1,1,1,1,1,1,1,0,0,1,0,0,0,1,0,0,0,1,0,0,0,1,0,0,0,1,0,0,0,1,0,0,0,1,0,0,0,0,1,1,1,1,1,1,6,1,0,0,1,0,8,0,0,1,1,NA,NA,NA,NA,NA,NA,NA,NA,NA,1,1,NA,NA,NA,NA,NA,NA,NA,NA,NA,1,1,0,0,0,0,0,0,1,0,0,0,0,0,263,0,0,0,0,1,0
201,1,0,1,0,0,0,74,0,0,1,0,0,0,1,0,0,0,0,0,3,7,1,1,1,0,0,0,1,0,1,1,1,1,1,0,1,0,1,1,0,1,1,1,1,1,0,0,1,0,0,1,0,0,0,1,0,0,0,1,0,0,0,1,0,0,0,1,0,0,0,1,0,0,0,1,0,0,0,0,1,1,1,1,0,1,5,1,0,0,1,0,18,1,0,1,1,NA,NA,NA,NA,NA,NA,NA,NA,NA,1,1,NA,NA,NA,NA,NA,NA,NA,NA,NA,1,1,0,0,0,0,0,0,1,0,1,1,0,0,231,1,0,1,0,0,0
201,1,0,1,0,0,0,60,0,1,0,0,0,0,1,0,0,0,0,0,2,2,0,0,0,0,0,1,0,0,0,0,1,0,0,0,0,0,0,1,0,1,1,1,1,1,1,1,1,0,0,1,0,0,0,1,0,0,0,1,0,0,0,1,0,0,0,1,0,0,0,1,0,0,0,1,0,0,0,0,1,1,1,1,1,1,6,1,0,0,0,0,13,1,0,0,NA,NA,NA,NA,NA,NA,NA,NA,NA,NA,1,1,NA,NA,NA,NA,NA,NA,NA,NA,NA,1,1,1,1,0,0,0,0,0,0,0,0,0,0,275,0,0,0,0,0,0
201,0,1,1,0,0,0,60,0,1,0,0,0,0,1,0,0,0,0,0,3,3,1,1,0,0,0,0,1,0,0,0,0,1,1,0,0,0,0,0,0,1,1,1,1,1,0,0,1,0,0,1,0,0,0,1,0,0,0,1,0,0,0,1,0,0,0,1,0,0,0,1,0,0,0,1,0,0,0,0,1,1,1,1,1,1,6,1,0,0,0,0,14,1,1,0,NA,NA,NA,NA,NA,NA,NA,NA,NA,NA,1,1,NA,NA,NA,NA,NA,NA,NA,NA,NA,1,1,1,0,1,0,0,0,0,0,1,1,1,1,264,0,0,0,0,0,0
201,0,1,1,0,0,0,85,0,0,0,1,0,0,0,0,0,1,0,0,3,5,1,0,1,0,0,1,0,0,0,1,1,0,0,0,1,0,1,1,0,1,1,1,1,1,1,1,1,0,0,1,0,0,0,1,0,0,0,1,0,0,0,1,0,0,0,1,0,0,0,1,0,0,0,1,0,0,0,0,1,1,1,1,0,1,5,1,0,0,0,1,11,0,0,0,NA,NA,NA,NA,NA,NA,NA,NA,NA,NA,1,1,NA,NA,NA,NA,NA,NA,NA,NA,NA,1,1,1,0,1,0,0,0,1,0,1,1,0,0,248,0,0,0,1,0,0
201,1,0,0,1,0,0,86,0,0,0,1,0,0,0,0,0,1,0,1,4,5,1,1,0,0,0,1,1,0,0,0,1,1,1,0,0,0,0,1,0,1,1,1,1,1,1,1,0,1,0,1,0,0,0,1,0,0,0,1,0,0,0,1,0,0,0,1,0,0,0,1,0,0,0,1,0,0,0,0,1,1,1,1,1,1,6,1,0,0,1,0,0,0,0,0,NA,NA,NA,NA,NA,NA,NA,NA,NA,NA,1,1,NA,NA,NA,NA,NA,NA,NA,NA,NA,1,0,0,0,0,0,0,0,1,0,0,0,0,0,251,0,0,0,1,0,0
201,1,0,1,0,0,0,80,0,0,0,1,0,0,0,0,0,1,0,0,3,6,1,1,1,0,0,1,1,0,0,0,1,1,1,0,1,0,1,1,0,1,1,1,1,1,1,1,1,0,0,1,0,0,0,1,0,0,0,1,0,0,0,1,0,0,0,1,0,0,0,1,0,0,0,1,0,0,0,0,1,1,1,1,1,1,6,1,0,0,1,0,9,0,0,1,0,0,0,0,1,0,0,0,0,0,1,0,0,0,0,1,0,0,0,0,0,1,1,0,0,0,0,0,0,1,0,0,0,0,0,258,0,0,1,1,0,0
201,0,1,1,0,0,0,60,0,1,0,0,0,0,0,0,0,1,0,0,3,4,1,1,0,0,0,0,1,0,0,0,1,1,1,0,0,0,0,0,0,1,1,1,1,1,0,0,1,0,0,1,0,0,0,1,0,0,0,1,0,0,0,1,0,0,0,1,0,0,0,1,0,0,0,1,0,0,0,0,0,1,1,0,0,1,3,0,1,0,1,0,14,1,0,1,1,NA,NA,NA,NA,NA,NA,NA,NA,NA,1,1,NA,NA,NA,NA,NA,NA,NA,NA,NA,0,0,0,0,0,0,0,0,0,0,1,1,0,0,221,0,0,1,0,0,0
201,1,0,1,0,0,0,62,0,1,0,0,0,0,1,0,0,0,0,0,2,4,1,0,1,0,0,0,0,0,0,1,1,0,0,0,1,0,1,1,0,0,0,1,0,1,0,0,0,0,1,1,0,0,0,1,0,0,0,1,0,0,0,1,0,0,0,1,0,0,0,1,0,0,0,1,0,0,0,0,1,1,1,1,0,1,5,1,0,0,0,1,5,0,0,0,NA,NA,NA,NA,NA,NA,NA,NA,NA,NA,1,1,NA,NA,NA,NA,NA,NA,NA,NA,NA,0,0,0,0,0,0,0,0,0,0,1,1,0,0,328,0,0,1,0,0,0
201,0,1,1,0,0,0,72,0,0,1,0,0,0,0,0,0,1,0,0,2,6,1,1,1,1,0,0,0,0,0,1,1,1,0,1,1,0,1,1,0,1,1,1,1,1,1,1,0,0,0,1,0,0,0,1,0,0,0,1,0,0,0,1,0,0,0,1,0,0,0,1,0,0,0,1,0,0,0,0,1,1,1,1,1,1,6,1,0,0,1,0,11,0,0,0,NA,NA,NA,NA,NA,NA,NA,NA,NA,NA,1,1,NA,NA,NA,NA,NA,NA,NA,NA,NA,0,0,0,0,0,0,0,0,0,0,1,1,0,0,227,0,0,1,0,0,0
201,0,1,1,0,0,0,80,0,0,0,1,0,0,0,0,0,1,0,0,2,4,1,0,1,0,0,0,0,0,1,0,1,0,0,0,1,0,1,1,0,0,0,1,0,1,0,0,1,0,0,1,0,0,0,1,0,0,0,1,0,0,0,1,0,0,0,1,0,0,0,1,0,0,0,1,0,0,0,0,1,1,1,1,1,1,6,1,0,0,1,0,21,1,0,0,NA,NA,NA,NA,NA,NA,NA,NA,NA,NA,1,1,NA,NA,NA,NA,NA,NA,NA,NA,NA,0,0,0,0,0,0,0,0,0,0,0,0,0,0,262,0,0,1,0,0,0
201,0,1,0,1,0,0,87,0,0,0,1,0,0,0,0,0,1,0,0,4,3,1,0,0,0,0,0,0,0,0,1,1,0,0,0,0,0,0,0,0,0,0,0,0,0,0,0,0,1,0,1,0,0,0,1,0,0,0,1,0,0,0,1,0,0,0,1,0,0,0,1,0,0,0,1,0,0,0,0,1,1,1,0,0,1,4,0,1,0,1,0,1,0,0,0,NA,NA,NA,NA,NA,NA,NA,NA,NA,NA,1,1,NA,NA,NA,NA,NA,NA,NA,NA,NA,0,0,0,0,0,0,0,0,0,0,1,1,1,1,209,0,0,1,0,0,0
202,1,0,1,0,0,0,68,0,1,0,0,0,0,0,1,0,0,0,0,3,4,1,0,1,0,0,0,1,0,0,0,1,1,1,0,1,0,1,1,0,1,1,1,1,1,0,0,1,0,0,1,0,0,0,1,0,0,0,1,0,0,0,1,0,0,0,1,0,0,0,1,0,0,0,1,0,0,0,0,1,1,1,1,1,1,6,1,0,0,1,0,2,0,0,1,0,0,1,0,0,0,0,0,0,0,1,0,0,1,0,0,0,0,0,0,0,0,0,0,0,0,0,0,0,0,0,0,0,0,0,279,0,0,1,0,0,0
202,1,0,1,0,0,0,68,0,1,0,0,0,0,0,0,0,1,0,0,4,6,1,1,0,0,0,0,1,0,1,1,1,1,1,0,0,0,0,0,0,1,1,1,1,1,0,0,0,1,0,1,0,0,0,1,0,0,0,1,0,0,0,1,0,0,0,1,0,0,0,1,0,0,0,1,0,0,0,0,1,1,1,1,1,1,6,1,0,0,1,0,15,1,0,0,NA,NA,NA,NA,NA,NA,NA,NA,NA,NA,0,NA,NA,NA,NA,NA,NA,NA,NA,NA,NA,0,0,0,0,0,0,0,0,0,0,1,1,1,1,234,0,0,1,0,0,0
202,0,1,1,0,0,0,71,0,0,1,0,0,0,0,0,0,1,0,1,2,5,1,1,0,0,0,1,0,0,0,1,1,0,0,0,0,0,0,1,0,1,1,1,1,1,1,1,1,0,0,1,0,0,0,1,0,0,0,1,0,0,0,1,0,0,0,1,0,0,0,1,0,0,0,1,0,0,0,0,1,1,1,1,1,1,6,1,0,0,1,0,18,1,0,1,1,NA,NA,NA,NA,NA,NA,NA,NA,NA,1,1,NA,NA,NA,NA,NA,NA,NA,NA,NA,1,0,0,0,0,0,0,0,1,0,1,1,0,0,277,0,0,0,0,0,0
202,0,1,1,0,0,0,61,0,1,0,0,0,1,0,0,0,0,0,0,1,5,1,1,1,0,0,1,0,0,0,0,1,0,0,0,0,0,0,1,0,1,1,1,1,1,1,1,1,0,0,1,0,0,0,1,0,0,0,1,0,0,0,1,0,0,0,1,0,0,0,1,0,0,0,1,0,0,0,0,1,1,1,0,1,1,5,1,0,0,0,1,24,1,1,0,NA,NA,NA,NA,NA,NA,NA,NA,NA,NA,1,1,NA,NA,NA,NA,NA,NA,NA,NA,NA,1,0,0,0,0,0,0,1,0,0,0,0,0,0,276,0,0,1,0,0,0
202,0,1,1,0,0,0,65,0,1,0,0,0,1,0,0,0,0,0,0,3,6,1,1,1,0,0,0,1,0,0,1,1,1,1,0,1,0,1,1,0,1,1,1,1,1,0,0,0,1,0,1,0,0,0,1,0,0,0,1,0,0,0,1,0,0,0,1,0,0,0,1,0,0,0,1,0,0,0,0,1,1,1,1,1,1,6,1,0,0,1,0,8,0,0,0,NA,NA,NA,NA,NA,NA,NA,NA,NA,NA,1,1,NA,NA,NA,NA,NA,NA,NA,NA,NA,1,1,1,0,0,0,0,0,0,0,1,1,0,0,256,0,0,0,0,0,0
202,0,1,1,0,0,0,65,0,1,0,0,0,0,1,0,0,0,0,0,1,3,1,0,0,0,0,0,0,0,0,1,1,0,0,0,0,0,0,0,0,0,0,0,0,0,0,0,1,0,0,1,0,0,0,1,0,0,0,1,0,0,0,1,0,0,0,1,0,0,0,1,0,0,0,1,0,0,0,0,1,1,1,1,0,1,5,1,0,0,1,0,4,0,0,0,NA,NA,NA,NA,NA,NA,NA,NA,NA,NA,1,1,NA,NA,NA,NA,NA,NA,NA,NA,NA,1,0,0,0,0,0,0,0,1,0,0,0,0,0,328,0,0,0,0,0,0
202,1,0,1,0,0,0,65,0,1,0,0,0,0,1,0,0,0,0,0,2,6,1,1,1,0,0,1,1,0,0,0,1,1,1,0,1,0,1,1,0,1,1,1,1,1,1,1,1,0,0,1,0,0,0,1,0,0,0,1,0,0,0,1,0,0,0,1,0,0,0,1,0,0,0,1,0,0,0,0,1,1,1,0,1,1,5,1,0,0,1,0,12,0,0,0,NA,NA,NA,NA,NA,NA,NA,NA,NA,NA,1,1,NA,NA,NA,NA,NA,NA,NA,NA,NA,1,1,0,0,0,0,0,0,1,0,0,0,0,0,276,0,0,1,1,0,0
202,1,0,1,0,0,0,67,0,1,0,0,0,0,1,0,0,0,0,0,2,5,1,0,1,0,0,1,1,0,0,0,1,1,1,0,1,0,1,1,0,1,1,1,1,1,1,1,1,0,0,1,0,0,0,1,0,0,0,1,0,0,0,1,0,0,0,1,0,0,0,1,0,0,0,1,0,0,0,0,1,1,1,1,1,1,6,1,0,0,1,0,11,0,0,0,NA,NA,NA,NA,NA,NA,NA,NA,NA,NA,1,1,NA,NA,NA,NA,NA,NA,NA,NA,NA,1,0,1,0,0,0,0,0,0,0,0,1,0,0,279,0,0,0,0,0,0
202,1,0,1,0,0,0,80,0,0,0,1,0,0,1,0,0,0,0,0,2,5,1,0,1,0,0,1,1,0,0,0,1,1,1,0,1,0,1,1,0,1,1,1,1,1,1,1,0,1,0,1,0,0,0,1,0,0,0,1,0,0,0,1,0,0,0,1,0,0,0,1,0,0,0,1,0,0,0,0,1,1,1,1,1,1,6,1,0,0,1,0,0,0,1,0,NA,NA,NA,NA,NA,NA,NA,NA,NA,NA,1,1,NA,NA,NA,NA,NA,NA,NA,NA,NA,1,1,0,0,0,0,0,0,0,0,0,0,0,0,232,0,0,0,0,0,0
202,0,1,0,1,0,0,61,0,1,0,0,0,0,1,0,0,0,0,0,2,4,1,0,1,0,0,0,0,0,0,1,1,0,0,0,1,0,1,1,0,0,0,1,0,1,0,0,1,0,0,1,0,0,0,1,0,0,0,1,0,0,0,1,0,0,0,1,0,0,0,1,0,0,0,1,0,0,0,0,1,1,1,1,1,1,6,1,0,0,0,0,8,0,0,1,1,NA,NA,NA,NA,NA,NA,NA,NA,NA,0,NA,NA,NA,NA,NA,NA,NA,NA,NA,NA,1,0,0,0,0,0,0,0,1,1,1,1,0,0,244,0,0,1,0,0,0
202,0,1,1,0,0,0,82,0,0,0,1,0,0,0,0,0,1,0,0,3,7,1,1,1,0,0,1,0,1,1,0,1,1,0,1,1,1,1,1,1,1,1,1,1,1,1,1,0,1,0,1,0,0,0,1,0,0,0,1,0,0,0,1,0,0,0,1,0,0,0,1,0,0,0,1,0,0,0,0,1,1,1,1,1,1,6,1,0,0,0,0,5,0,0,1,1,NA,NA,NA,NA,NA,NA,NA,NA,NA,1,1,NA,NA,NA,NA,NA,NA,NA,NA,NA,0,0,0,0,0,0,0,0,0,0,1,1,1,1,263,0,0,0,0,0,0
202,0,1,1,0,0,0,82,0,0,0,1,0,0,0,0,0,1,0,0,3,6,1,1,1,0,0,1,0,0,0,1,1,0,0,0,1,0,1,1,0,1,1,1,1,1,1,1,1,0,0,1,0,0,0,1,0,0,0,1,0,0,0,1,0,0,0,1,0,0,0,1,0,0,0,1,0,0,0,0,1,1,1,1,0,1,5,1,0,0,1,0,11,0,1,1,1,NA,NA,NA,NA,NA,NA,NA,NA,NA,1,1,NA,NA,NA,NA,NA,NA,NA,NA,NA,0,0,0,0,0,0,0,0,0,0,0,0,0,0,240,0,0,1,1,0,0
203,0,1,1,0,0,0,74,0,0,1,0,0,0,0,0,0,1,0,0,2,5,1,1,1,0,0,0,0,0,0,1,1,0,0,0,1,0,1,1,0,0,0,1,0,1,0,0,0,0,1,1,0,0,0,1,0,0,0,1,0,0,0,1,0,0,0,1,0,0,0,1,0,0,0,1,0,0,0,0,1,1,1,1,1,1,6,1,0,0,1,0,14,1,0,0,NA,NA,NA,NA,NA,NA,NA,NA,NA,NA,1,1,NA,NA,NA,NA,NA,NA,NA,NA,NA,0,0,0,0,0,0,0,0,0,0,1,1,0,0,213,0,0,1,1,0,0
203,0,1,1,0,0,0,65,0,1,0,0,0,0,0,0,0,1,0,0,5,4,1,1,0,0,0,0,1,0,0,0,1,1,1,0,0,0,0,0,0,1,1,1,1,1,0,0,1,0,0,1,0,0,0,1,0,0,0,1,0,0,0,1,0,0,0,1,0,0,0,1,0,0,0,1,0,0,0,0,1,1,1,1,1,1,6,1,0,0,0,0,17,1,0,0,NA,NA,NA,NA,NA,NA,NA,NA,NA,NA,1,0,0,1,0,0,0,0,0,0,0,0,0,0,0,0,0,0,0,0,0,0,0,0,0,194,0,0,0,1,0,0
203,1,0,1,0,0,0,63,0,1,0,0,0,0,1,0,0,0,0,0,3,8,1,1,1,1,0,1,0,0,1,1,1,1,0,1,1,0,1,1,0,1,1,1,1,1,1,1,0,1,0,1,0,0,0,1,0,0,0,1,0,0,0,1,0,0,0,1,0,0,0,1,0,0,0,1,0,0,0,0,1,1,1,1,1,1,6,1,0,0,1,0,0,0,0,0,NA,NA,NA,NA,NA,NA,NA,NA,NA,NA,0,NA,NA,NA,NA,NA,NA,NA,NA,NA,NA,0,0,0,0,0,0,0,0,0,0,1,1,1,1,292,0,0,0,0,0,0
203,0,1,1,0,0,0,84,0,0,0,1,0,0,0,0,0,1,0,0,3,4,1,0,0,0,0,0,1,0,0,1,1,1,1,0,0,0,0,0,0,1,1,1,1,1,0,0,1,0,0,1,0,0,0,1,0,0,0,1,0,0,0,1,0,0,0,1,0,0,0,1,0,0,0,1,0,0,0,0,1,1,1,1,1,1,6,1,0,0,1,0,2,0,0,0,NA,NA,NA,NA,NA,NA,NA,NA,NA,NA,0,NA,NA,NA,NA,NA,NA,NA,NA,NA,NA,0,0,0,0,0,0,0,0,0,0,1,1,0,0,291,0,0,1,0,0,0
203,0,1,1,0,0,0,67,0,1,0,0,0,0,0,1,0,0,0,0,4,5,1,0,0,0,0,0,1,0,1,1,1,1,1,0,0,0,0,0,0,1,1,1,1,1,0,0,0,1,0,1,0,0,0,1,0,0,0,1,0,0,0,1,0,0,0,1,0,0,0,1,0,0,0,1,0,0,0,0,1,1,1,1,1,1,6,1,0,0,1,0,8,0,0,1,1,NA,NA,NA,NA,NA,NA,NA,NA,NA,1,1,NA,NA,NA,NA,NA,NA,NA,NA,NA,1,0,0,0,0,0,0,0,1,0,0,0,0,0,301,0,0,0,0,0,0
203,0,1,1,0,0,0,73,0,0,1,0,0,0,0,0,0,1,0,0,3,6,1,1,1,0,0,1,1,0,0,0,1,1,1,0,1,0,1,1,0,1,1,1,1,1,1,1,1,0,0,1,0,0,0,1,0,0,0,1,0,0,0,1,0,0,0,1,0,0,0,1,0,0,0,1,0,0,0,0,1,1,1,1,1,1,6,1,0,0,0,0,9,0,0,1,1,NA,NA,NA,NA,NA,NA,NA,NA,NA,1,1,NA,NA,NA,NA,NA,NA,NA,NA,NA,1,0,0,0,1,0,0,0,1,0,0,1,0,0,315,0,0,0,1,0,0
203,0,1,0,1,0,0,80,0,0,0,1,0,0,0,0,0,1,0,0,3,5,1,0,0,0,0,0,1,0,1,1,1,1,1,0,1,0,1,0,0,1,1,1,1,1,0,0,1,0,0,1,0,0,0,1,0,0,0,1,0,0,0,1,0,0,0,1,0,0,0,1,0,0,0,1,0,0,0,0,1,1,1,1,1,1,6,1,0,0,0,0,21,1,1,1,1,NA,NA,NA,NA,NA,NA,NA,NA,NA,1,1,NA,NA,NA,NA,NA,NA,NA,NA,NA,1,0,0,0,0,0,0,0,1,0,1,1,0,0,266,1,0,1,1,0,0
203,0,1,1,0,0,0,89,0,0,0,1,0,0,0,0,0,1,0,0,2,5,1,1,1,0,0,0,0,0,0,1,1,0,0,0,1,0,1,1,0,0,0,1,0,1,0,0,1,0,0,1,0,0,0,1,0,0,0,1,0,0,0,1,0,0,0,1,0,0,0,1,0,0,0,1,0,0,0,0,1,1,1,1,0,1,5,1,0,0,1,0,18,1,1,1,1,NA,NA,NA,NA,NA,NA,NA,NA,NA,1,1,NA,NA,NA,NA,NA,NA,NA,NA,NA,1,0,0,0,0,0,0,0,1,0,1,1,0,0,203,0,0,1,1,0,0
203,1,0,0,0,0,1,65,0,1,0,0,0,0,1,0,0,0,0,0,3,5,1,1,1,0,0,0,0,0,1,0,1,0,0,0,1,0,1,0,0,0,0,0,0,1,0,0,0,1,0,1,0,0,0,1,0,0,0,1,0,0,0,1,0,0,0,1,0,0,0,1,0,0,0,1,0,0,0,0,1,1,1,1,1,1,6,1,0,0,1,0,6,0,0,0,NA,NA,NA,NA,NA,NA,NA,NA,NA,NA,1,1,NA,NA,NA,NA,NA,NA,NA,NA,NA,1,1,1,0,0,0,0,0,0,0,1,1,0,0,229,0,0,0,0,0,0
203,1,0,0,0,1,0,72,0,0,1,0,0,0,0,0,0,1,0,0,3,7,1,1,1,0,0,1,1,0,0,1,1,1,1,0,1,0,1,1,0,1,1,1,1,1,1,1,1,0,0,1,0,0,0,1,0,0,0,1,0,0,0,1,0,0,0,1,0,0,0,1,0,0,0,1,0,0,0,0,1,1,1,1,0,1,5,1,0,0,1,0,12,0,0,0,NA,NA,NA,NA,NA,NA,NA,NA,NA,NA,1,1,NA,NA,NA,NA,NA,NA,NA,NA,NA,1,0,1,0,0,0,0,0,1,0,1,1,0,0,220,0,0,1,0,0,0
203,1,0,1,0,0,0,75,0,0,1,0,0,0,1,0,0,0,0,0,3,4,0,1,1,0,0,1,0,0,0,0,1,0,0,0,1,0,1,1,0,1,1,1,1,1,1,1,1,0,0,1,0,0,0,1,0,0,0,1,0,0,0,1,0,0,0,1,0,0,0,1,0,0,0,1,0,0,0,0,1,1,1,1,1,1,6,1,0,0,1,0,15,1,1,0,NA,NA,NA,NA,NA,NA,NA,NA,NA,NA,1,1,NA,NA,NA,NA,NA,NA,NA,NA,NA,1,1,1,0,0,0,0,0,0,0,0,0,0,0,264,0,0,1,1,1,0
203,1,0,1,0,0,0,60,0,1,0,0,0,0,0,0,1,0,0,0,2,7,1,1,1,0,1,0,1,0,0,1,1,1,1,1,0,1,1,0,0,1,1,1,1,1,1,1,1,0,0,1,0,0,0,1,0,0,0,1,0,0,0,1,0,0,0,1,0,0,0,1,0,0,0,1,0,0,0,0,1,1,1,1,1,1,6,1,0,0,1,0,11,0,0,1,1,NA,NA,NA,NA,NA,NA,NA,NA,NA,1,0,0,1,0,0,0,0,0,0,0,1,1,1,0,0,0,0,0,1,0,0,0,0,0,253,0,0,0,0,0,0
204,0,1,1,0,0,0,69,0,1,0,0,0,0,0,0,0,1,0,0,2,7,1,1,1,0,0,1,1,0,0,1,1,1,1,0,1,0,1,1,0,1,1,1,1,1,1,1,1,0,0,1,0,0,0,1,0,0,0,1,0,0,0,1,0,0,0,1,0,0,0,1,0,0,0,1,0,0,0,0,1,1,1,1,0,1,5,1,0,0,1,0,14,1,0,1,1,NA,NA,NA,NA,NA,NA,NA,NA,NA,1,0,0,1,0,0,0,0,0,0,0,1,0,0,0,0,0,0,0,1,0,0,0,0,0,317,0,0,1,1,0,0
204,0,1,0,0,0,1,75,0,0,1,0,0,0,0,0,0,1,0,0,1,3,1,0,1,0,0,0,0,0,0,0,1,0,0,0,1,0,1,1,0,0,0,1,0,1,0,0,1,0,0,1,0,0,0,1,0,0,0,1,0,0,0,1,0,0,0,1,0,0,0,1,0,0,0,1,0,0,0,0,1,1,1,1,1,1,6,1,0,0,1,0,18,1,1,0,NA,NA,NA,NA,NA,NA,NA,NA,NA,NA,0,NA,NA,NA,NA,NA,NA,NA,NA,NA,NA,1,1,0,0,0,0,0,0,0,0,0,1,0,0,253,0,0,1,0,0,0
204,0,1,0,1,0,0,90,0,0,0,0,1,0,0,0,0,1,0,1,2,2,0,1,0,0,0,0,0,0,0,0,1,0,0,0,0,0,0,0,0,0,0,0,0,0,0,0,1,0,0,1,0,0,0,1,0,0,0,1,0,0,0,1,0,0,0,1,0,0,0,1,0,0,0,1,0,0,0,0,0,0,0,1,1,1,3,0,1,0,0,1,12,0,0,1,1,NA,NA,NA,NA,NA,NA,NA,NA,NA,1,1,NA,NA,NA,NA,NA,NA,NA,NA,NA,0,0,0,0,0,0,0,0,0,0,1,1,1,1,293,0,0,1,1,0,0
204,1,0,0,1,0,0,92,0,0,0,0,1,0,0,0,0,1,0,0,2,3,1,0,1,0,0,0,1,0,0,0,0,1,1,0,1,0,1,1,0,1,1,1,1,1,0,0,1,0,0,1,0,0,0,1,0,0,0,1,0,0,0,1,0,0,0,1,0,0,0,1,0,0,0,1,0,0,0,0,1,1,1,1,1,1,6,1,0,0,0,0,19,1,0,0,NA,NA,NA,NA,NA,NA,NA,NA,NA,NA,1,1,NA,NA,NA,NA,NA,NA,NA,NA,NA,0,0,0,0,0,0,0,0,0,0,1,1,0,0,247,0,0,0,0,1,0
204,0,1,1,0,0,0,61,0,1,0,0,0,1,0,0,0,0,0,0,2,5,1,1,0,0,0,1,0,0,0,1,1,0,0,0,0,0,0,1,0,1,1,1,1,1,1,1,1,0,0,1,0,0,0,1,0,0,0,1,0,0,0,1,0,0,0,1,0,0,0,1,0,0,0,1,0,0,0,0,0,1,1,1,1,1,5,1,0,0,1,0,16,1,0,1,1,NA,NA,NA,NA,NA,NA,NA,NA,NA,0,NA,NA,NA,NA,NA,NA,NA,NA,NA,NA,0,0,0,0,0,0,0,0,0,0,1,1,1,1,236,0,0,0,0,0,0
204,1,0,1,0,0,0,67,0,1,0,0,0,0,1,0,0,0,0,0,2,6,1,1,0,0,0,1,0,1,0,1,1,1,0,1,0,1,1,1,1,1,1,1,1,1,1,1,1,0,0,1,0,0,0,1,0,0,0,1,0,0,0,1,0,0,0,1,0,0,0,1,0,0,0,1,0,0,0,0,1,1,1,1,1,1,6,1,0,0,1,0,4,0,0,0,NA,NA,NA,NA,NA,NA,NA,NA,NA,NA,0,NA,NA,NA,NA,NA,NA,NA,NA,NA,NA,0,0,0,0,0,0,0,0,0,0,1,1,0,0,267,0,0,0,0,0,0
204,1,0,1,0,0,0,75,0,0,1,0,0,0,1,0,0,0,0,0,4,5,1,0,0,0,0,1,0,0,1,1,1,0,0,0,0,0,0,1,0,1,1,1,1,1,1,1,1,0,0,1,0,0,0,1,0,0,0,1,0,0,0,1,0,0,0,1,0,0,0,1,0,0,0,1,0,0,0,0,1,1,1,1,0,1,5,1,0,0,0,1,13,1,0,1,1,NA,NA,NA,NA,NA,NA,NA,NA,NA,1,1,NA,NA,NA,NA,NA,NA,NA,NA,NA,1,1,1,0,0,0,0,0,0,0,1,1,1,1,375,0,0,0,1,0,0
204,0,1,1,0,0,0,91,0,0,0,0,1,0,0,0,0,1,0,0,3,6,1,0,1,0,0,1,1,0,0,1,1,1,1,0,1,0,1,1,0,1,1,1,1,1,1,1,1,0,0,1,0,0,0,1,0,0,0,1,0,0,0,1,0,0,0,1,0,0,0,1,0,0,0,1,0,0,0,0,1,1,1,1,1,1,6,1,0,0,1,0,8,0,0,0,NA,NA,NA,NA,NA,NA,NA,NA,NA,NA,1,1,NA,NA,NA,NA,NA,NA,NA,NA,NA,1,1,0,0,0,0,0,0,1,0,1,1,0,0,288,0,0,1,0,0,0
204,0,1,1,0,0,0,90,0,0,0,0,1,0,0,0,0,1,0,0,3,3,1,0,0,0,0,1,0,0,0,0,1,0,0,0,0,0,0,1,0,1,1,1,1,1,1,1,0,1,0,1,0,0,0,1,0,0,0,1,0,0,0,1,0,0,0,1,0,0,0,1,0,0,0,1,0,0,0,0,1,1,1,1,1,1,6,1,0,0,1,0,1,0,1,0,NA,NA,NA,NA,NA,NA,NA,NA,NA,NA,1,0,0,1,0,0,0,0,0,0,0,1,0,0,0,0,0,0,1,1,0,0,0,0,0,269,0,0,1,1,0,0
204,0,1,1,0,0,0,64,0,1,0,0,0,0,0,0,0,1,0,0,2,7,1,1,1,1,0,0,1,0,0,1,1,1,1,1,1,0,1,1,0,1,1,1,1,1,1,1,1,0,0,1,0,0,0,1,0,0,0,1,0,0,0,1,0,0,0,1,0,0,0,1,0,0,0,1,0,0,0,0,1,1,1,0,1,1,5,1,0,0,1,0,0,0,0,0,NA,NA,NA,NA,NA,NA,NA,NA,NA,NA,0,NA,NA,NA,NA,NA,NA,NA,NA,NA,NA,1,1,1,0,0,0,0,0,0,0,0,0,0,0,342,0,0,1,0,0,0
204,0,1,0,1,0,0,80,0,0,0,1,0,0,0,0,0,1,0,0,2,6,1,1,1,0,0,0,1,0,0,1,1,1,1,0,1,0,1,1,0,1,1,1,1,1,0,0,1,0,0,1,0,0,0,1,0,0,0,1,0,0,0,1,0,0,0,1,0,0,0,1,0,0,0,1,0,0,0,0,1,1,1,0,1,1,5,1,0,0,1,0,8,0,0,0,NA,NA,NA,NA,NA,NA,NA,NA,NA,NA,0,NA,NA,NA,NA,NA,NA,NA,NA,NA,NA,1,0,0,0,0,0,0,0,1,0,0,1,0,0,311,0,0,1,0,0,0
204,0,1,1,0,0,0,80,0,0,0,1,0,0,0,0,0,1,0,1,3,6,1,1,1,0,0,0,1,0,1,0,1,1,1,0,1,0,1,1,0,1,1,1,1,1,0,0,0,1,0,1,0,0,0,1,0,0,0,1,0,0,0,1,0,0,0,1,0,0,0,1,0,0,0,1,0,0,0,0,1,1,1,1,1,1,6,1,0,0,0,0,20,1,1,0,NA,NA,NA,NA,NA,NA,NA,NA,NA,NA,0,NA,NA,NA,NA,NA,NA,NA,NA,NA,NA,1,1,0,0,0,0,0,0,0,0,1,1,0,0,244,1,0,1,0,0,0
205,0,1,1,0,0,0,65,0,1,0,0,0,0,1,0,0,0,0,0,4,7,1,1,1,0,0,0,1,0,1,1,1,1,1,0,1,0,1,1,0,1,1,1,1,1,0,0,1,0,0,1,0,0,0,1,0,0,0,1,0,0,0,1,0,0,0,1,0,0,0,1,0,0,0,1,0,0,0,0,1,1,1,1,1,1,6,1,0,0,1,0,14,1,0,1,1,NA,NA,NA,NA,NA,NA,NA,NA,NA,1,1,NA,NA,NA,NA,NA,NA,NA,NA,NA,0,0,0,0,0,0,0,0,0,0,1,1,1,1,380,0,0,0,0,0,0
205,0,1,1,0,0,0,65,0,1,0,0,0,0,0,0,0,1,0,0,2,4,1,1,1,0,0,0,0,0,0,0,1,0,0,0,1,0,1,1,0,0,0,1,0,1,0,0,1,0,0,1,0,0,0,1,0,0,0,1,0,0,0,1,0,0,0,1,0,0,0,1,0,0,0,1,0,0,0,0,1,1,1,1,1,1,6,1,0,0,0,0,10,0,0,1,1,NA,NA,NA,NA,NA,NA,NA,NA,NA,1,1,NA,NA,NA,NA,NA,NA,NA,NA,NA,0,0,0,0,0,0,0,0,0,0,0,0,0,0,341,0,0,0,0,0,0
205,0,1,1,0,0,0,78,0,0,1,0,0,0,0,0,0,1,0,0,2,4,1,1,0,0,0,0,0,0,1,0,1,0,0,0,1,0,1,0,0,0,1,0,0,0,0,0,0,0,1,1,0,0,0,1,0,0,0,1,0,0,0,1,0,0,0,1,0,0,0,1,0,0,0,1,0,0,0,0,1,1,1,1,1,1,6,1,0,0,0,0,24,1,1,1,1,NA,NA,NA,NA,NA,NA,NA,NA,NA,1,1,NA,NA,NA,NA,NA,NA,NA,NA,NA,0,0,0,0,0,0,0,0,0,0,1,1,1,0,229,0,0,0,0,1,1
205,0,1,1,0,0,0,68,0,1,0,0,0,0,0,1,0,0,0,0,2,5,1,0,1,0,0,0,1,1,0,0,1,1,1,1,0,1,1,0,1,1,1,1,1,1,1,1,1,0,0,1,0,0,0,1,0,0,0,1,0,0,0,1,0,0,0,1,0,0,0,1,0,0,0,1,0,0,0,0,1,1,1,1,0,1,5,1,0,0,1,0,12,0,1,1,0,0,1,0,0,0,0,0,0,0,1,1,NA,NA,NA,NA,NA,NA,NA,NA,NA,0,0,0,0,0,0,0,0,0,0,0,0,0,0,252,0,0,0,1,0,0
205,0,1,1,0,0,0,60,0,1,0,0,0,1,0,0,0,0,0,1,2,3,1,0,0,0,0,0,0,0,0,1,1,0,0,0,0,0,0,0,0,0,0,0,0,0,0,0,1,0,0,1,0,0,0,1,0,0,0,1,0,0,0,1,0,0,0,1,0,0,0,1,0,0,0,1,0,0,0,0,1,1,1,1,1,1,6,1,0,0,1,0,17,1,0,1,0,0,0,0,0,0,0,0,0,1,1,1,NA,NA,NA,NA,NA,NA,NA,NA,NA,0,0,0,0,0,0,0,0,0,0,1,1,0,0,294,0,0,0,0,0,0
205,1,0,1,0,0,0,61,0,1,0,0,0,0,1,0,0,0,0,0,2,4,0,1,0,0,0,1,0,0,0,1,1,0,0,0,0,0,0,1,0,1,1,1,1,1,1,1,1,0,0,1,0,0,0,1,0,0,0,1,0,0,0,1,0,0,0,1,0,0,0,1,0,0,0,1,0,0,0,0,1,1,1,1,1,1,6,1,0,0,1,0,9,0,0,0,NA,NA,NA,NA,NA,NA,NA,NA,NA,NA,1,1,NA,NA,NA,NA,NA,NA,NA,NA,NA,0,0,0,0,0,0,0,0,0,0,1,1,0,0,247,0,0,0,0,0,0
205,0,1,0,1,0,0,80,0,0,0,1,0,0,0,0,0,1,0,0,4,6,1,1,1,1,0,1,0,0,0,0,1,1,0,1,1,0,1,1,0,1,1,1,1,1,1,1,0,1,0,1,0,0,0,1,0,0,0,1,0,0,0,1,0,0,0,1,0,0,0,1,0,0,0,1,0,0,0,0,1,1,1,1,1,1,6,1,0,0,1,0,0,0,1,0,NA,NA,NA,NA,NA,NA,NA,NA,NA,NA,1,1,NA,NA,NA,NA,NA,NA,NA,NA,NA,0,0,0,0,0,0,0,0,0,0,0,0,0,0,263,0,1,0,0,0,0
205,0,1,1,0,0,0,60,0,1,0,0,0,0,0,0,0,1,0,0,3,4,1,0,1,0,0,0,0,0,0,1,1,0,0,0,1,0,1,1,0,0,0,1,0,1,0,0,0,1,0,1,0,0,0,1,0,0,0,1,0,0,0,1,0,0,0,1,0,0,0,1,0,0,0,1,0,0,0,0,1,1,1,1,1,1,6,1,0,0,1,0,0,0,0,1,1,NA,NA,NA,NA,NA,NA,NA,NA,NA,1,1,NA,NA,NA,NA,NA,NA,NA,NA,NA,1,0,0,0,0,0,0,0,1,0,0,0,0,0,232,0,0,0,0,0,0
205,0,1,1,0,0,0,61,0,1,0,0,0,0,0,0,0,1,0,0,2,6,1,1,1,0,0,0,1,0,0,1,1,1,1,0,1,0,1,1,0,1,1,1,1,1,0,0,1,0,0,1,0,0,0,1,0,0,0,1,0,0,0,1,0,0,0,1,0,0,0,1,0,0,0,1,0,0,0,0,1,1,1,1,1,1,6,1,0,0,1,0,7,0,0,0,NA,NA,NA,NA,NA,NA,NA,NA,NA,NA,1,1,NA,NA,NA,NA,NA,NA,NA,NA,NA,1,1,0,0,0,0,0,0,0,0,0,1,0,0,310,0,0,0,0,0,0
205,0,1,1,0,0,0,75,0,0,1,0,0,0,0,0,0,1,0,0,3,5,1,0,0,0,0,1,1,0,0,1,1,1,1,0,0,0,0,1,0,1,1,1,1,1,1,1,1,0,0,1,0,0,0,1,0,0,0,1,0,0,0,1,0,0,0,1,0,0,0,1,0,0,0,1,0,0,0,0,1,1,1,1,0,1,5,1,0,0,1,0,6,0,0,0,NA,NA,NA,NA,NA,NA,NA,NA,NA,NA,1,1,NA,NA,NA,NA,NA,NA,NA,NA,NA,1,1,0,0,0,0,0,0,1,0,1,1,0,0,257,0,0,0,0,0,0
205,1,0,1,0,0,0,102,0,0,0,0,1,0,0,1,0,0,0,0,1,3,1,0,1,0,0,0,0,0,0,0,1,0,0,0,1,0,1,0,0,0,0,0,0,1,0,0,1,0,0,1,0,0,0,1,0,0,0,1,0,0,0,1,0,0,0,1,0,0,0,1,0,0,0,1,0,0,0,0,1,1,1,1,0,1,5,1,0,0,1,0,20,1,1,1,0,0,0,0,0,0,0,0,0,1,1,0,0,1,0,0,0,0,0,0,0,1,0,0,0,0,0,0,0,1,0,0,0,0,0,247,0,0,1,1,0,0
205,0,1,1,0,0,0,70,0,0,1,0,0,0,0,0,1,0,0,1,2,6,1,1,1,0,0,0,1,0,0,1,1,1,1,0,1,0,1,1,0,1,1,1,1,1,0,0,1,0,0,1,0,0,0,1,0,0,0,1,0,0,0,1,0,0,0,1,0,0,0,1,0,0,0,1,0,0,0,0,1,1,1,1,1,1,6,1,0,0,0,0,14,1,0,1,1,NA,NA,NA,NA,NA,NA,NA,NA,NA,0,NA,NA,NA,NA,NA,NA,NA,NA,NA,NA,1,1,0,0,0,0,0,0,1,0,1,1,0,0,231,0,0,0,0,0,0
206,1,0,1,0,0,0,64,0,1,0,0,0,0,1,0,0,0,0,0,2,6,1,1,1,1,0,1,0,0,0,0,1,1,0,1,0,0,0,1,0,1,1,1,1,1,1,1,1,0,0,1,0,0,0,1,0,0,0,1,0,0,0,1,0,0,0,1,0,0,0,1,0,0,0,1,0,0,0,0,1,1,1,1,1,1,6,1,0,0,0,0,0,0,0,0,NA,NA,NA,NA,NA,NA,NA,NA,NA,NA,0,NA,NA,NA,NA,NA,NA,NA,NA,NA,NA,1,1,0,0,0,0,0,0,0,0,0,0,0,0,262,0,0,0,0,0,1
206,0,1,0,1,0,0,72,0,0,1,0,0,0,0,1,0,0,0,0,4,3,0,1,1,0,0,0,0,0,0,0,1,0,0,0,1,0,1,1,0,0,0,1,0,1,0,0,1,0,0,1,0,0,0,1,0,0,0,1,0,0,0,1,0,0,0,1,0,0,0,1,0,0,0,1,0,0,0,0,1,1,1,1,1,1,6,1,0,0,0,0,24,1,0,1,1,NA,NA,NA,NA,NA,NA,NA,NA,NA,1,1,NA,NA,NA,NA,NA,NA,NA,NA,NA,0,0,0,0,0,0,0,0,0,0,0,0,0,0,305,0,0,0,1,0,0
206,0,1,1,0,0,0,83,0,0,0,1,0,0,0,0,0,1,0,0,2,5,1,1,1,0,0,0,1,0,0,0,1,1,1,0,1,0,1,1,0,1,1,1,1,1,0,0,1,0,0,1,0,0,0,1,0,0,0,1,0,0,0,1,0,0,0,1,0,0,0,1,0,0,0,1,0,0,0,0,1,1,1,1,1,1,6,1,0,0,1,0,9,0,0,1,1,NA,NA,NA,NA,NA,NA,NA,NA,NA,1,1,NA,NA,NA,NA,NA,NA,NA,NA,NA,0,0,0,0,0,0,0,0,0,0,0,0,0,0,244,0,0,0,1,0,0
206,0,1,1,0,0,0,67,0,1,0,0,0,0,0,0,1,0,0,0,2,4,1,0,1,0,0,0,1,0,0,0,1,1,1,0,1,0,1,1,0,1,1,1,1,1,0,0,1,0,0,1,0,0,0,1,0,0,0,1,0,0,0,1,0,0,0,1,0,0,0,1,0,0,0,1,0,0,0,0,1,1,1,0,1,1,5,1,0,0,1,0,10,0,1,1,1,NA,NA,NA,NA,NA,NA,NA,NA,NA,1,0,0,1,0,0,0,0,0,0,0,0,0,0,0,0,0,0,0,0,0,1,1,0,0,227,0,0,0,1,0,0
206,1,0,1,0,0,0,80,0,0,0,1,0,0,1,0,0,0,0,0,4,3,0,0,1,0,0,0,0,0,0,1,1,0,0,0,1,0,1,1,0,0,0,1,0,1,0,0,1,0,0,1,0,0,0,1,0,0,0,1,0,0,0,1,0,0,0,1,0,0,0,1,0,0,0,1,0,0,0,0,1,1,1,1,1,1,6,1,0,0,0,0,18,1,1,1,1,NA,NA,NA,NA,NA,NA,NA,NA,NA,0,NA,NA,NA,NA,NA,NA,NA,NA,NA,NA,0,0,0,0,0,0,0,0,0,0,1,1,1,1,261,0,0,1,0,0,0
206,1,0,1,0,0,0,89,0,0,0,1,0,0,0,1,0,0,0,0,3,4,1,1,0,0,0,0,0,0,0,1,1,0,0,0,0,0,0,0,0,0,0,0,0,0,0,0,0,0,0,1,0,0,0,1,0,0,0,1,0,0,0,1,0,0,0,1,0,0,0,1,0,0,0,1,0,0,0,0,1,1,1,1,0,1,5,1,0,0,1,0,9,0,0,1,1,NA,NA,NA,NA,NA,NA,NA,NA,NA,0,NA,NA,NA,NA,NA,NA,NA,NA,NA,NA,0,0,0,0,0,0,0,0,0,0,1,1,1,1,245,0,0,1,1,0,0
206,0,1,0,0,1,0,65,0,1,0,0,0,0,1,0,0,0,0,0,4,5,1,0,0,0,0,1,0,0,1,1,1,0,0,0,1,0,1,1,0,1,1,1,1,1,1,1,1,0,0,1,0,0,0,1,0,0,0,1,0,0,0,1,0,0,0,1,0,0,0,1,0,0,0,1,0,0,0,0,1,1,1,1,1,1,6,1,0,0,0,0,4,0,0,0,NA,NA,NA,NA,NA,NA,NA,NA,NA,NA,0,NA,NA,NA,NA,NA,NA,NA,NA,NA,NA,0,0,0,0,0,0,0,0,0,0,1,1,1,1,308,0,0,0,0,0,0
206,1,0,1,0,0,0,66,0,1,0,0,0,0,0,0,0,1,0,0,3,6,1,1,0,0,0,0,1,0,1,1,1,1,1,0,0,0,0,0,0,1,1,1,1,1,0,0,0,1,0,1,0,0,0,1,0,0,0,1,0,0,0,1,0,0,0,1,0,0,0,1,0,0,0,1,0,0,0,0,1,1,1,1,1,1,6,1,0,0,1,0,15,1,0,0,NA,NA,NA,NA,NA,NA,NA,NA,NA,NA,0,NA,NA,NA,NA,NA,NA,NA,NA,NA,NA,0,0,0,0,0,0,0,0,0,0,1,1,1,1,232,0,0,1,0,0,0
206,1,0,1,0,0,0,79,0,0,1,0,0,0,0,0,0,1,0,0,4,6,1,0,1,0,1,0,0,0,1,1,1,1,0,1,1,1,1,1,0,0,1,1,0,1,1,0,1,0,0,1,0,0,0,1,0,0,0,1,0,0,0,1,0,0,0,1,0,0,0,1,0,0,0,1,0,0,0,0,1,1,1,1,1,1,6,1,0,0,1,0,8,0,1,1,1,NA,NA,NA,NA,NA,NA,NA,NA,NA,1,1,NA,NA,NA,NA,NA,NA,NA,NA,NA,1,0,0,0,0,0,0,1,1,0,0,0,0,0,245,0,0,1,0,1,0
206,1,0,0,1,0,0,75,0,0,1,0,0,0,1,0,0,0,0,0,1,1,0,0,0,0,0,0,0,0,0,0,1,0,0,0,0,0,0,0,0,0,0,0,0,0,0,0,1,0,0,1,0,0,0,1,0,0,0,1,0,0,0,1,0,0,0,1,0,0,0,1,0,0,0,1,0,0,0,0,1,1,1,1,0,1,5,1,0,0,0,1,24,1,1,1,0,0,1,0,0,0,0,0,0,0,1,1,NA,NA,NA,NA,NA,NA,NA,NA,NA,1,0,0,0,0,0,0,0,0,0,1,1,0,0,263,0,0,1,1,0,0
206,1,0,1,0,0,0,62,0,1,0,0,0,1,0,0,0,0,0,0,1,3,1,0,1,0,0,0,0,0,0,0,1,0,0,0,1,0,1,1,0,0,0,1,0,1,0,0,1,0,0,1,0,0,0,1,0,0,0,1,0,0,0,1,0,0,0,1,0,0,0,1,0,0,0,1,0,0,0,0,1,1,1,1,1,1,6,1,0,0,1,0,19,1,1,0,NA,NA,NA,NA,NA,NA,NA,NA,NA,NA,1,1,NA,NA,NA,NA,NA,NA,NA,NA,NA,1,0,1,0,0,0,0,0,1,0,0,0,0,0,289,0,0,0,0,0,0
206,0,1,1,0,0,0,69,0,1,0,0,0,0,0,0,0,1,0,0,3,6,1,1,1,0,0,0,1,0,0,1,1,1,1,0,1,0,1,1,0,1,1,1,1,1,0,0,1,0,0,1,0,0,0,1,0,0,0,1,0,0,0,1,0,0,0,1,0,0,0,1,0,0,0,1,0,0,0,0,1,1,1,1,1,1,6,1,0,0,1,0,12,0,0,0,NA,NA,NA,NA,NA,NA,NA,NA,NA,NA,1,1,NA,NA,NA,NA,NA,NA,NA,NA,NA,1,0,0,0,0,0,0,0,1,0,1,1,0,0,239,0,0,1,0,0,0
207,1,0,1,0,0,0,62,0,1,0,0,0,0,1,0,0,0,0,0,3,6,1,1,0,0,0,1,1,0,1,0,1,1,1,0,0,0,0,1,0,1,1,1,1,1,1,1,0,1,0,1,0,0,0,1,0,0,0,1,0,0,0,1,0,0,0,1,0,0,0,1,0,0,0,1,0,0,0,0,1,1,1,1,1,1,6,1,0,0,1,0,2,0,0,0,NA,NA,NA,NA,NA,NA,NA,NA,NA,NA,1,0,1,0,0,0,0,0,0,0,0,1,1,0,0,0,0,0,0,0,0,0,0,0,0,355,0,0,0,0,0,0
207,0,1,1,0,0,0,62,0,1,0,0,0,1,0,0,0,0,0,1,1,2,0,0,1,0,0,0,0,0,0,0,1,0,0,0,1,0,1,1,0,0,0,1,0,1,0,0,1,0,0,1,0,0,0,1,0,0,0,1,0,0,0,1,0,0,0,1,0,0,0,1,0,0,0,1,0,0,0,0,1,1,1,1,1,1,6,1,0,0,1,0,13,1,0,0,NA,NA,NA,NA,NA,NA,NA,NA,NA,NA,0,NA,NA,NA,NA,NA,NA,NA,NA,NA,NA,1,1,0,0,0,0,0,0,0,0,1,1,0,0,365,0,0,0,0,0,0
207,1,0,1,0,0,0,63,0,1,0,0,0,0,1,0,0,0,0,0,3,4,1,0,1,0,0,1,0,0,1,0,0,0,0,0,1,0,1,1,0,1,1,1,1,1,1,1,1,0,0,1,0,0,0,1,0,0,0,1,0,0,0,1,0,0,0,1,0,0,0,1,0,0,0,1,0,0,0,0,1,1,1,1,1,1,6,1,0,0,0,0,17,1,0,0,NA,NA,NA,NA,NA,NA,NA,NA,NA,NA,0,NA,NA,NA,NA,NA,NA,NA,NA,NA,NA,1,1,1,0,0,0,0,0,1,0,0,0,0,0,352,0,0,0,0,0,0
207,0,1,1,0,0,0,83,0,0,0,1,0,0,0,0,0,1,0,0,3,4,1,0,1,0,0,1,0,0,0,0,1,0,0,0,1,0,1,1,0,1,1,1,1,1,1,1,1,0,0,1,0,0,0,1,0,0,0,1,0,0,0,1,0,0,0,1,0,0,0,1,0,0,0,1,0,0,0,0,1,1,1,1,1,1,6,1,0,0,1,0,11,0,1,0,NA,NA,NA,NA,NA,NA,NA,NA,NA,NA,0,NA,NA,NA,NA,NA,NA,NA,NA,NA,NA,1,0,0,0,1,0,0,0,1,0,0,1,0,0,234,0,0,1,0,1,0
207,1,0,0,1,0,0,75,0,0,1,0,0,0,1,0,0,0,0,0,4,5,1,1,1,0,0,0,0,0,0,1,1,0,0,0,1,0,1,1,0,0,0,1,0,1,0,0,1,0,0,1,0,0,0,1,0,0,0,1,0,0,0,1,0,0,0,1,0,0,0,1,0,0,0,1,0,0,0,0,1,1,1,1,1,1,6,1,0,0,1,0,19,1,0,0,NA,NA,NA,NA,NA,NA,NA,NA,NA,NA,1,1,NA,NA,NA,NA,NA,NA,NA,NA,NA,0,0,0,0,0,0,0,0,0,0,1,1,0,0,206,0,0,1,0,0,0
207,0,1,1,0,0,0,67,0,1,0,0,0,0,0,1,0,0,0,0,3,4,1,1,0,0,0,0,0,0,0,1,1,0,0,0,0,0,0,0,0,0,0,0,0,0,0,0,1,0,0,1,0,0,0,1,0,0,0,1,0,0,0,1,0,0,0,1,0,0,0,1,0,0,0,1,0,0,0,0,1,1,1,1,1,1,6,1,0,0,1,0,11,0,0,1,1,NA,NA,NA,NA,NA,NA,NA,NA,NA,1,0,0,1,0,0,0,0,0,0,0,0,0,0,0,0,0,0,0,0,0,1,1,1,1,267,0,0,0,1,0,0
207,0,1,1,0,0,0,66,0,1,0,0,0,0,0,0,0,1,0,0,2,4,1,0,0,0,0,1,0,0,0,1,1,0,0,0,0,0,0,1,0,1,1,1,1,1,1,1,1,0,0,1,0,0,0,1,0,0,0,1,0,0,0,1,0,0,0,1,0,0,0,1,0,0,0,1,0,0,0,0,1,1,1,1,1,1,6,1,0,0,0,0,8,0,0,0,NA,NA,NA,NA,NA,NA,NA,NA,NA,NA,1,0,0,0,0,0,0,0,0,1,0,0,0,0,0,0,0,0,0,0,0,1,1,0,0,244,0,0,0,0,1,0
207,0,1,1,0,0,0,60,0,1,0,0,0,0,0,0,0,1,0,0,2,5,1,0,1,0,0,0,1,0,0,1,1,1,1,0,1,0,1,1,0,1,1,1,1,1,0,0,0,0,0,1,0,0,0,1,0,0,0,1,0,0,0,1,0,0,0,1,0,0,0,1,0,0,0,1,0,0,0,0,1,1,1,1,0,1,5,1,0,0,1,0,12,0,0,0,NA,NA,NA,NA,NA,NA,NA,NA,NA,NA,1,1,NA,NA,NA,NA,NA,NA,NA,NA,NA,1,1,1,0,1,0,0,0,1,0,1,1,0,0,273,0,0,0,0,0,0
207,1,0,1,0,0,0,69,0,1,0,0,0,0,1,0,0,0,0,0,3,7,1,1,1,0,0,1,1,0,0,1,1,1,1,0,1,0,1,1,0,1,1,1,1,1,1,1,1,0,0,1,0,0,0,1,0,0,0,1,0,0,0,1,0,0,0,1,0,0,0,1,0,0,0,1,0,0,0,0,1,1,1,1,1,1,6,1,0,0,1,0,9,0,0,0,NA,NA,NA,NA,NA,NA,NA,NA,NA,NA,1,1,NA,NA,NA,NA,NA,NA,NA,NA,NA,1,0,0,1,0,0,0,0,1,0,0,1,0,0,241,0,0,0,1,0,0
207,0,1,1,0,0,0,60,0,1,0,0,0,0,0,0,0,1,0,0,1,3,1,0,0,0,0,1,0,0,0,0,1,0,0,0,0,0,0,1,0,1,1,1,1,1,1,1,1,0,0,1,0,0,0,1,0,0,0,1,0,0,0,1,0,0,0,1,0,0,0,1,0,0,0,1,0,0,0,0,1,1,1,1,1,1,6,1,0,0,1,0,21,1,0,0,NA,NA,NA,NA,NA,NA,NA,NA,NA,NA,0,NA,NA,NA,NA,NA,NA,NA,NA,NA,NA,1,0,0,0,0,0,0,1,0,0,0,0,0,0,301,0,0,0,0,0,0
207,0,1,1,0,0,0,101,0,0,0,0,1,0,0,0,0,1,0,0,2,3,0,1,1,0,0,0,0,0,0,0,1,0,0,0,0,0,0,0,0,0,0,0,0,1,0,0,1,0,0,1,0,0,0,1,0,0,0,1,0,0,0,1,0,0,0,1,0,0,0,1,0,0,0,1,0,0,0,0,1,1,1,1,1,1,6,1,0,0,1,0,5,0,0,0,NA,NA,NA,NA,NA,NA,NA,NA,NA,NA,0,NA,NA,NA,NA,NA,NA,NA,NA,NA,NA,1,0,1,0,0,0,0,0,1,0,0,0,0,0,286,0,0,0,1,1,1
207,1,0,1,0,0,0,60,0,1,0,0,0,0,0,1,0,0,0,0,4,7,1,1,1,0,0,1,0,0,1,1,1,0,0,0,1,0,1,1,0,1,1,1,1,1,1,1,1,0,0,1,0,0,0,1,0,0,0,1,0,0,0,1,0,0,0,1,0,0,0,1,0,0,0,1,0,0,0,0,1,1,1,1,1,1,6,1,0,0,0,0,21,1,0,1,1,NA,NA,NA,NA,NA,NA,NA,NA,NA,1,1,NA,NA,NA,NA,NA,NA,NA,NA,NA,0,0,0,0,0,0,0,0,0,0,1,1,0,0,263,0,0,1,1,0,0
208,0,1,0,1,0,0,62,0,1,0,0,0,0,0,0,1,0,0,0,3,5,1,0,0,0,0,1,0,0,1,1,1,0,0,0,0,0,0,1,0,1,1,1,1,1,1,1,1,0,0,1,0,0,0,1,0,0,0,1,0,0,0,1,0,0,0,1,0,0,0,1,0,0,0,1,0,0,0,0,1,1,1,1,1,1,6,1,0,0,1,0,19,1,0,1,1,NA,NA,NA,NA,NA,NA,NA,NA,NA,1,1,NA,NA,NA,NA,NA,NA,NA,NA,NA,0,0,0,0,0,0,0,0,0,0,0,1,0,0,292,0,0,0,0,0,0
208,0,1,1,0,0,0,66,0,1,0,0,0,0,1,0,0,0,0,0,4,5,1,1,1,0,0,0,0,0,0,1,1,0,0,0,1,0,1,1,0,0,0,1,0,1,0,0,0,0,0,1,0,0,0,1,0,0,0,1,0,0,0,1,0,0,0,1,0,0,0,1,0,0,0,1,0,0,0,0,1,1,1,1,0,1,5,1,0,0,1,0,8,0,0,1,1,NA,NA,NA,NA,NA,NA,NA,NA,NA,1,1,NA,NA,NA,NA,NA,NA,NA,NA,NA,0,0,0,0,0,0,0,0,0,0,1,1,0,0,289,0,0,0,0,0,0
208,1,0,1,0,0,0,60,0,1,0,0,0,0,0,1,0,0,0,0,3,5,1,1,1,0,0,0,1,0,0,0,1,1,1,0,1,0,1,1,0,1,1,1,1,1,0,0,1,0,0,1,0,0,0,1,0,0,0,1,0,0,0,1,0,0,0,1,0,0,0,1,0,0,0,1,0,0,0,0,1,1,1,1,1,1,6,1,0,0,1,0,9,0,0,0,NA,NA,NA,NA,NA,NA,NA,NA,NA,NA,1,1,NA,NA,NA,NA,NA,NA,NA,NA,NA,0,0,0,0,0,0,0,0,0,0,0,1,0,0,263,0,0,0,1,0,0
208,0,1,1,0,0,0,70,0,0,1,0,0,0,0,0,0,1,0,0,2,4,1,0,0,0,0,1,0,0,0,1,1,0,0,0,0,0,0,1,0,1,1,1,1,1,1,1,1,0,0,1,0,0,0,1,0,0,0,1,0,0,0,1,0,0,0,1,0,0,0,1,0,0,0,1,0,0,0,0,1,1,1,1,1,1,6,1,0,0,0,0,16,1,0,0,NA,NA,NA,NA,NA,NA,NA,NA,NA,NA,1,1,NA,NA,NA,NA,NA,NA,NA,NA,NA,0,0,0,0,0,0,0,0,0,0,1,1,0,0,257,0,0,0,0,0,0
208,0,1,1,0,0,0,72,0,0,1,0,0,0,0,0,0,1,0,0,3,5,1,0,0,0,0,0,1,0,1,1,1,1,1,0,1,0,1,0,0,1,1,1,1,1,0,0,1,0,0,1,0,0,0,1,0,0,0,1,0,0,0,1,0,0,0,1,0,0,0,1,0,0,0,1,0,0,0,0,1,1,1,1,0,1,5,1,0,0,1,0,11,0,0,0,NA,NA,NA,NA,NA,NA,NA,NA,NA,NA,1,1,NA,NA,NA,NA,NA,NA,NA,NA,NA,0,0,0,0,0,0,0,0,0,0,1,1,0,0,293,0,0,0,0,0,0
208,1,0,1,0,0,0,78,0,0,1,0,0,0,0,0,0,1,0,0,2,2,1,0,0,0,0,0,0,0,0,0,1,0,0,0,0,0,0,0,0,0,0,0,0,0,0,0,1,0,0,1,0,0,0,1,0,0,0,1,0,0,0,1,0,0,0,1,0,0,0,1,0,0,0,1,0,0,0,0,1,1,1,1,1,1,6,1,0,0,0,0,24,1,0,0,NA,NA,NA,NA,NA,NA,NA,NA,NA,NA,1,1,NA,NA,NA,NA,NA,NA,NA,NA,NA,0,0,0,0,0,0,0,0,0,0,0,0,1,1,222,0,0,1,0,0,0
208,0,1,1,0,0,0,75,0,0,1,0,0,0,0,0,0,1,0,0,2,4,1,1,0,0,0,0,1,0,0,0,1,1,1,0,0,0,0,0,0,1,1,1,1,1,0,0,1,0,0,1,0,0,0,1,0,0,0,1,0,0,0,1,0,0,0,1,0,0,0,1,0,0,0,1,0,0,0,0,1,1,1,1,1,1,6,1,0,0,0,0,22,1,0,1,1,NA,NA,NA,NA,NA,NA,NA,NA,NA,1,1,NA,NA,NA,NA,NA,NA,NA,NA,NA,1,0,0,0,0,0,0,0,1,0,1,1,1,1,272,0,0,1,1,0,0
208,1,0,1,0,0,0,90,0,0,0,0,1,0,0,0,0,1,0,1,2,2,1,0,0,0,0,0,0,0,0,0,1,0,0,0,0,0,0,0,0,0,0,0,0,0,0,0,1,0,0,1,0,0,0,1,0,0,0,1,0,0,0,1,0,0,0,1,0,0,0,1,0,0,0,1,0,0,0,0,1,1,1,1,0,1,5,1,0,0,0,1,0,0,0,1,1,NA,NA,NA,NA,NA,NA,NA,NA,NA,1,1,NA,NA,NA,NA,NA,NA,NA,NA,NA,1,0,0,0,0,0,0,1,1,0,1,1,0,0,248,0,0,1,1,0,0
208,0,1,1,0,0,0,85,0,0,0,1,0,0,0,0,0,1,0,1,2,5,1,0,0,0,0,1,1,0,0,1,1,1,1,0,0,0,0,1,0,1,1,1,1,1,1,1,1,0,0,1,0,0,0,1,0,0,0,1,0,0,0,1,0,0,0,1,0,0,0,1,0,0,0,1,0,0,0,0,1,1,1,1,0,1,5,1,0,0,1,0,13,1,1,0,NA,NA,NA,NA,NA,NA,NA,NA,NA,NA,1,1,NA,NA,NA,NA,NA,NA,NA,NA,NA,1,0,0,0,0,0,0,0,1,0,1,1,0,0,267,0,0,1,1,0,0
208,0,1,1,0,0,0,63,0,1,0,0,0,0,1,0,0,0,0,0,3,5,1,1,1,0,0,0,0,0,0,1,1,0,0,0,1,0,1,1,0,0,0,1,0,1,0,0,1,0,0,1,0,0,0,1,0,0,0,1,0,0,0,1,0,0,0,1,0,0,0,1,0,0,0,1,0,0,0,0,1,1,1,1,1,1,6,1,0,0,1,0,7,0,0,0,NA,NA,NA,NA,NA,NA,NA,NA,NA,NA,1,0,0,1,0,0,0,0,0,0,0,1,0,0,0,0,0,0,0,1,0,0,1,0,0,329,0,0,0,0,0,0
208,1,0,1,0,0,0,60,0,1,0,0,0,0,1,0,0,0,0,0,3,5,1,1,0,0,0,1,1,0,0,0,1,1,1,0,0,0,0,1,0,1,1,1,1,1,1,1,0,1,0,1,0,0,0,1,0,0,0,1,0,0,0,1,0,0,0,1,0,0,0,1,0,0,0,1,0,0,0,0,0,1,1,1,1,1,5,1,0,0,1,0,0,0,0,0,NA,NA,NA,NA,NA,NA,NA,NA,NA,NA,0,NA,NA,NA,NA,NA,NA,NA,NA,NA,NA,1,1,0,0,0,0,0,0,1,0,0,0,0,0,293,0,0,0,0,0,0
208,0,1,0,1,0,0,65,0,1,0,0,0,0,0,0,0,1,0,0,4,5,1,0,1,0,0,0,1,0,0,1,1,1,1,0,1,0,1,1,0,1,1,1,1,1,0,0,1,0,0,1,0,0,0,1,0,0,0,1,0,0,0,1,0,0,0,1,0,0,0,1,0,0,0,1,0,0,0,0,1,1,1,1,0,1,5,1,0,0,0,1,8,0,0,1,1,NA,NA,NA,NA,NA,NA,NA,NA,NA,1,1,NA,NA,NA,NA,NA,NA,NA,NA,NA,0,0,0,0,0,0,0,0,0,0,1,1,1,1,264,0,0,1,0,0,0
209,0,1,1,0,0,0,80,0,0,0,1,0,0,0,0,0,1,0,0,2,6,1,1,0,0,0,1,0,0,1,1,1,0,0,0,0,0,0,1,0,1,1,1,1,1,1,1,1,0,0,1,0,0,0,1,0,0,0,1,0,0,0,1,0,0,0,1,0,0,0,1,0,0,0,1,0,0,0,0,1,1,1,1,0,1,5,1,0,0,0,1,14,1,0,1,1,NA,NA,NA,NA,NA,NA,NA,NA,NA,1,1,NA,NA,NA,NA,NA,NA,NA,NA,NA,0,0,0,0,0,0,0,0,0,0,1,1,0,0,241,0,0,0,0,0,0
209,0,1,1,0,0,0,83,0,0,0,1,0,0,0,0,0,1,0,0,3,5,1,1,1,0,0,0,0,1,0,0,1,1,0,1,1,1,1,1,1,0,1,1,0,1,0,0,1,0,0,1,0,0,0,1,0,0,0,1,0,0,0,1,0,0,0,1,0,0,0,1,0,0,0,1,0,0,0,0,1,1,1,1,0,1,5,1,0,0,1,0,9,0,0,1,1,NA,NA,NA,NA,NA,NA,NA,NA,NA,1,1,NA,NA,NA,NA,NA,NA,NA,NA,NA,0,0,0,0,0,0,0,0,0,0,0,0,1,1,287,0,0,1,0,0,0
209,0,1,1,0,0,0,88,0,0,0,1,0,0,0,1,0,0,0,0,1,3,1,0,1,0,0,0,0,0,0,0,1,0,0,0,1,0,1,0,0,0,0,0,0,1,0,0,1,0,0,1,0,0,0,1,0,0,0,1,0,0,0,1,0,0,0,1,0,0,0,1,0,0,0,1,0,0,0,0,1,1,1,1,1,1,6,1,0,0,1,0,16,1,1,1,0,0,0,1,0,0,0,0,0,0,1,0,0,1,0,0,0,0,0,0,0,0,0,0,0,0,0,0,0,0,0,0,0,0,0,223,0,0,1,1,0,0
209,1,0,1,0,0,0,60,0,1,0,0,0,0,0,1,0,0,0,0,2,4,1,0,1,0,0,0,0,0,0,1,1,0,0,0,1,0,1,1,0,0,0,1,0,1,0,0,1,0,0,1,0,0,0,1,0,0,0,1,0,0,0,1,0,0,0,1,0,0,0,1,0,0,0,1,0,0,0,0,1,1,1,1,1,1,6,1,0,0,0,0,5,0,0,0,NA,NA,NA,NA,NA,NA,NA,NA,NA,NA,1,0,0,1,0,0,0,0,0,0,0,0,0,0,0,0,0,0,0,0,0,1,1,0,0,243,0,0,0,0,0,0
209,1,0,1,0,0,0,75,0,0,1,0,0,0,0,0,1,0,0,1,2,3,1,0,0,0,0,1,0,0,0,0,1,0,0,0,0,0,0,1,0,1,1,1,1,1,1,1,1,0,0,1,0,0,0,1,0,0,0,1,0,0,0,1,0,0,0,1,0,0,0,1,0,0,0,1,0,0,0,0,1,1,1,1,1,1,6,1,0,0,0,0,15,1,0,0,NA,NA,NA,NA,NA,NA,NA,NA,NA,NA,1,1,NA,NA,NA,NA,NA,NA,NA,NA,NA,1,0,0,0,0,0,0,0,1,0,0,0,0,0,243,0,0,0,1,0,0
209,0,1,1,0,0,0,80,0,0,0,1,0,0,0,0,0,1,0,0,3,6,1,1,1,0,0,1,1,0,0,0,1,1,1,0,1,0,1,1,0,1,1,1,1,1,1,1,1,0,0,1,0,0,0,1,0,0,0,1,0,0,0,1,0,0,0,1,0,0,0,1,0,0,0,1,0,0,0,0,1,1,1,1,0,1,5,1,0,0,1,0,12,0,0,1,1,NA,NA,NA,NA,NA,NA,NA,NA,NA,1,1,NA,NA,NA,NA,NA,NA,NA,NA,NA,1,1,0,0,0,0,0,0,1,0,0,0,0,0,286,0,0,0,1,0,0
209,1,0,1,0,0,0,66,0,1,0,0,0,0,1,0,0,0,0,0,1,4,1,1,0,0,0,0,1,0,0,0,1,1,1,0,0,0,0,0,0,1,1,1,1,1,0,0,1,0,0,1,0,0,0,1,0,0,0,1,0,0,0,1,0,0,0,1,0,0,0,1,0,0,0,1,0,0,0,0,1,1,1,1,1,1,6,1,0,0,0,0,15,1,0,0,NA,NA,NA,NA,NA,NA,NA,NA,NA,NA,1,1,NA,NA,NA,NA,NA,NA,NA,NA,NA,1,1,1,0,0,0,0,0,1,0,1,1,0,0,331,0,0,0,0,0,0
209,1,0,1,0,0,0,82,0,0,0,1,0,1,0,0,0,0,0,0,4,6,1,1,0,0,0,0,1,0,1,1,1,1,1,0,0,0,0,0,0,1,1,1,1,1,0,0,1,0,0,1,0,0,0,1,0,0,0,1,0,0,0,1,0,0,0,1,0,0,0,1,0,0,0,1,0,0,0,0,1,1,1,1,1,1,6,1,0,0,0,0,24,1,0,1,0,0,1,0,0,0,0,0,0,0,1,0,0,1,0,0,0,0,0,0,0,1,0,0,0,0,0,0,0,1,0,0,0,0,0,274,0,0,1,0,0,0
209,1,0,1,0,0,0,61,0,1,0,0,0,0,1,0,0,0,0,0,1,4,1,1,0,0,0,0,1,0,0,0,1,1,1,0,0,0,0,0,0,1,1,1,1,1,0,0,1,0,0,1,0,0,0,1,0,0,0,1,0,0,0,1,0,0,0,1,0,0,0,1,0,0,0,1,0,0,0,0,1,1,1,1,1,1,6,1,0,0,0,0,12,0,0,0,NA,NA,NA,NA,NA,NA,NA,NA,NA,NA,1,0,0,1,0,0,0,0,0,0,0,1,1,0,0,0,0,0,0,0,0,0,0,0,0,266,0,0,0,0,0,0
209,1,0,0,1,0,0,82,0,0,0,1,0,0,0,0,1,0,0,1,1,4,1,0,0,0,0,1,0,0,0,1,1,0,0,0,0,0,0,1,0,1,1,1,1,1,1,1,1,0,0,1,0,0,0,1,0,0,0,1,0,0,0,1,0,0,0,1,0,0,0,1,0,0,0,1,0,0,0,0,1,1,1,1,1,1,6,1,0,0,1,0,10,0,0,0,NA,NA,NA,NA,NA,NA,NA,NA,NA,NA,0,NA,NA,NA,NA,NA,NA,NA,NA,NA,NA,1,1,0,0,0,0,0,0,1,0,1,1,0,0,231,0,0,1,0,0,0
209,1,0,1,0,0,0,60,0,1,0,0,0,0,1,0,0,0,0,0,3,5,1,0,0,0,0,1,0,0,1,1,1,0,0,0,1,0,1,1,0,1,1,1,1,1,1,1,1,0,0,1,0,0,0,1,0,0,0,1,0,0,0,1,0,0,0,1,0,0,0,1,0,0,0,1,0,0,0,0,1,1,1,1,0,1,5,1,0,0,0,1,2,0,0,1,1,NA,NA,NA,NA,NA,NA,NA,NA,NA,1,1,NA,NA,NA,NA,NA,NA,NA,NA,NA,0,0,0,0,0,0,0,0,0,0,1,1,1,1,241,0,0,1,0,0,0
209,1,0,1,0,0,0,95,0,0,0,0,1,0,1,0,0,0,0,0,2,3,1,0,1,0,0,0,0,0,0,0,1,0,0,0,1,0,1,1,0,0,0,1,0,1,0,0,1,0,0,1,0,0,0,1,0,0,0,1,0,0,0,1,0,0,0,1,0,0,0,1,0,0,0,1,0,0,0,0,1,1,1,1,1,1,6,1,0,0,1,0,16,1,0,1,1,NA,NA,NA,NA,NA,NA,NA,NA,NA,1,1,NA,NA,NA,NA,NA,NA,NA,NA,NA,0,0,0,0,0,0,0,0,0,0,1,1,0,0,214,0,0,0,0,0,0
210,0,1,1,0,0,0,62,0,1,0,0,0,0,0,0,1,0,0,0,2,5,1,1,1,0,0,0,0,0,0,1,1,0,0,0,1,0,1,1,0,0,0,1,0,1,0,0,0,1,0,1,0,0,0,1,0,0,0,1,0,0,0,1,0,0,0,1,0,0,0,1,0,0,0,1,0,0,0,0,1,1,1,1,1,1,6,1,0,0,0,0,11,0,0,0,NA,NA,NA,NA,NA,NA,NA,NA,NA,NA,1,1,NA,NA,NA,NA,NA,NA,NA,NA,NA,0,0,0,0,0,0,0,0,0,0,1,1,1,1,232,0,0,0,0,0,0
210,0,1,1,0,0,0,68,0,1,0,0,0,0,0,1,0,0,0,0,3,4,1,0,1,0,0,0,1,0,0,0,1,1,1,0,1,0,1,1,0,1,1,1,1,1,0,0,1,0,0,1,0,0,0,1,0,0,0,1,0,0,0,1,0,0,0,1,0,0,0,1,0,0,0,1,0,0,0,0,1,1,1,1,1,1,6,1,0,0,1,0,21,1,0,1,0,0,1,0,0,0,0,0,0,0,1,0,0,1,0,0,0,0,0,0,0,0,0,0,0,0,0,0,0,0,0,0,0,0,0,394,0,0,0,0,0,0
210,0,1,1,0,0,0,70,0,0,1,0,0,0,0,0,0,1,0,0,4,8,1,1,1,1,0,1,0,0,1,1,1,1,0,1,1,0,1,1,0,1,1,1,1,1,1,1,0,1,0,1,0,0,0,1,0,0,0,1,0,0,0,1,0,0,0,1,0,0,0,1,0,0,0,1,0,0,0,0,1,1,1,1,1,1,6,1,0,0,1,0,0,0,0,0,NA,NA,NA,NA,NA,NA,NA,NA,NA,NA,0,NA,NA,NA,NA,NA,NA,NA,NA,NA,NA,0,0,0,0,0,0,0,0,0,0,1,1,1,1,312,0,0,1,1,0,0
210,1,0,1,0,0,0,62,0,1,0,0,0,0,0,1,0,0,0,0,2,6,1,1,1,0,0,1,1,0,0,0,1,1,1,0,1,0,1,1,0,1,1,1,1,1,1,1,1,0,0,1,0,0,0,1,0,0,0,1,0,0,0,1,0,0,0,1,0,0,0,1,0,0,0,1,0,0,0,0,0,0,0,0,1,1,2,0,0,1,1,0,10,0,0,1,1,NA,NA,NA,NA,NA,NA,NA,NA,NA,1,1,NA,NA,NA,NA,NA,NA,NA,NA,NA,1,1,1,0,0,0,1,0,0,0,1,1,1,1,260,0,0,0,1,0,1
210,0,1,1,0,0,0,63,0,1,0,0,0,0,1,0,0,0,0,0,1,3,1,1,0,0,0,0,1,0,0,0,0,1,1,0,0,0,0,0,0,1,1,1,1,1,0,0,1,0,0,1,0,0,0,1,0,0,0,1,0,0,0,1,0,0,0,1,0,0,0,1,0,0,0,1,0,0,0,0,1,1,1,1,1,1,6,1,0,0,0,0,7,0,0,0,NA,NA,NA,NA,NA,NA,NA,NA,NA,NA,1,1,NA,NA,NA,NA,NA,NA,NA,NA,NA,1,1,0,0,0,0,0,0,1,0,1,1,0,0,262,0,0,0,0,0,0
210,1,0,0,1,0,0,82,0,0,0,1,0,0,0,0,0,1,0,0,4,5,1,1,0,1,0,0,0,0,0,1,1,1,0,1,0,0,0,1,0,1,1,1,1,1,1,1,0,1,0,1,0,0,0,1,0,0,0,1,0,0,0,1,0,0,0,1,0,0,0,1,0,0,0,1,0,0,0,0,1,1,1,1,1,1,6,1,0,0,1,0,6,0,1,0,NA,NA,NA,NA,NA,NA,NA,NA,NA,NA,1,1,NA,NA,NA,NA,NA,NA,NA,NA,NA,1,1,0,0,0,0,0,0,1,1,1,1,1,1,276,0,0,1,1,0,0
210,0,1,1,0,0,0,95,0,0,0,0,1,0,0,0,0,1,0,0,2,4,1,0,0,0,0,1,0,0,0,1,1,0,0,0,0,0,0,1,0,1,1,1,1,1,1,1,1,0,0,1,0,0,0,1,0,0,0,1,0,0,0,1,0,0,0,1,0,0,0,1,0,0,0,1,0,0,0,0,1,1,1,1,1,1,6,1,0,0,1,0,15,1,1,0,NA,NA,NA,NA,NA,NA,NA,NA,NA,NA,1,1,NA,NA,NA,NA,NA,NA,NA,NA,NA,1,0,0,0,0,0,0,0,1,0,1,1,0,0,252,0,0,1,1,0,0
210,1,0,1,0,0,0,75,0,0,1,0,0,0,0,0,0,1,0,1,2,4,1,0,0,0,0,0,1,0,0,1,1,1,1,0,0,0,0,0,0,1,1,1,1,1,0,0,1,0,0,1,0,0,0,1,0,0,0,1,0,0,0,1,0,0,0,1,0,0,0,1,0,0,0,1,0,0,0,0,1,1,1,1,1,1,6,1,0,0,0,0,17,1,0,1,1,NA,NA,NA,NA,NA,NA,NA,NA,NA,1,1,NA,NA,NA,NA,NA,NA,NA,NA,NA,0,0,0,0,0,0,0,0,0,0,1,1,0,0,209,0,0,1,0,0,0
210,0,1,1,0,0,0,75,0,0,1,0,0,0,0,0,0,1,0,0,2,4,0,1,1,0,0,0,0,0,0,1,1,0,0,0,1,0,1,1,0,0,0,1,0,1,0,0,1,0,0,1,0,0,0,1,0,0,0,1,0,0,0,1,0,0,0,1,0,0,0,1,0,0,0,1,0,0,0,0,1,1,1,1,0,1,5,1,0,0,1,0,18,1,0,1,1,NA,NA,NA,NA,NA,NA,NA,NA,NA,1,1,NA,NA,NA,NA,NA,NA,NA,NA,NA,0,0,0,0,0,0,0,0,0,0,1,1,1,1,286,0,0,0,1,0,0
210,1,0,1,0,0,0,65,0,1,0,0,0,0,1,0,0,0,0,0,1,4,1,0,0,0,0,0,0,0,1,1,1,0,0,0,1,0,1,0,0,0,1,0,0,0,0,0,1,0,0,1,0,0,0,1,0,0,0,1,0,0,0,1,0,0,0,1,0,0,0,1,0,0,0,1,0,0,0,0,1,1,1,1,1,1,6,1,0,0,0,0,22,1,0,0,NA,NA,NA,NA,NA,NA,NA,NA,NA,NA,1,1,NA,NA,NA,NA,NA,NA,NA,NA,NA,0,0,0,0,0,0,0,0,0,0,1,1,1,1,234,0,0,0,1,0,0
210,1,0,1,0,0,0,74,0,0,1,0,0,0,1,0,0,0,0,0,2,2,1,0,0,0,0,0,0,0,0,0,1,0,0,0,0,0,0,0,0,0,0,0,0,0,0,0,1,0,0,1,0,0,0,1,0,0,0,1,0,0,0,1,0,0,0,1,0,0,0,1,0,0,0,1,0,0,0,0,1,1,1,1,1,1,6,1,0,0,0,0,18,1,1,0,NA,NA,NA,NA,NA,NA,NA,NA,NA,NA,1,1,NA,NA,NA,NA,NA,NA,NA,NA,NA,0,0,0,0,0,0,0,0,0,0,0,0,0,0,262,0,0,1,0,0,0
210,1,0,1,0,0,0,62,0,1,0,0,0,0,0,1,0,0,0,0,1,3,1,0,1,0,0,0,0,0,0,0,1,0,0,0,1,0,1,0,0,0,0,0,0,1,0,0,1,0,0,1,0,0,0,1,0,0,0,1,0,0,0,1,0,0,0,1,0,0,0,1,0,0,0,1,0,0,0,0,1,1,1,1,1,1,6,1,0,0,1,0,6,0,1,1,0,0,1,0,0,0,0,0,0,0,1,0,0,1,0,0,0,0,0,0,0,0,0,0,0,0,0,0,0,0,0,0,0,0,0,247,0,0,1,1,0,0
211,1,0,1,0,0,0,60,0,1,0,0,0,0,0,1,0,0,0,0,3,5,1,0,1,0,0,0,1,0,0,1,1,1,1,0,1,0,1,0,0,1,1,1,1,1,0,0,1,0,0,1,0,0,0,1,0,0,0,1,0,0,0,1,0,0,0,1,0,0,0,1,0,0,0,1,0,0,0,0,1,1,1,1,1,1,6,1,0,0,0,0,14,1,0,0,NA,NA,NA,NA,NA,NA,NA,NA,NA,NA,0,NA,NA,NA,NA,NA,NA,NA,NA,NA,NA,0,0,0,0,0,0,0,0,0,0,0,0,0,0,257,0,0,0,0,0,0
211,0,1,1,0,0,0,70,0,0,1,0,0,0,0,0,0,1,0,0,3,7,1,1,1,0,0,1,1,0,0,1,1,1,1,0,1,0,1,1,0,1,1,1,1,1,1,1,1,0,0,1,0,0,0,1,0,0,0,1,0,0,0,1,0,0,0,1,0,0,0,1,0,0,0,1,0,0,0,0,1,1,1,1,0,1,5,1,0,0,1,0,14,1,0,1,1,NA,NA,NA,NA,NA,NA,NA,NA,NA,1,1,NA,NA,NA,NA,NA,NA,NA,NA,NA,1,0,0,1,0,0,0,0,1,0,0,1,0,0,258,0,0,0,0,0,0
211,1,0,0,0,1,0,70,0,0,1,0,0,0,0,0,0,1,0,1,2,5,1,0,0,0,0,0,1,0,1,1,1,1,1,0,1,0,1,0,0,1,1,1,1,1,0,0,1,0,0,1,0,0,0,1,0,0,0,1,0,0,0,1,0,0,0,1,0,0,0,1,0,0,0,1,0,0,0,0,1,1,1,1,0,1,5,1,0,0,1,0,20,1,1,1,0,1,0,0,0,0,0,0,0,0,1,1,NA,NA,NA,NA,NA,NA,NA,NA,NA,1,1,0,0,0,0,0,0,1,0,1,1,0,0,248,0,0,1,0,0,0
211,0,1,0,1,0,0,60,0,1,0,0,0,0,0,0,1,0,0,0,1,3,1,0,1,0,0,0,0,0,0,0,1,0,0,0,1,0,1,1,0,0,0,1,0,1,0,0,1,0,0,1,0,0,0,1,0,0,0,1,0,0,0,1,0,0,0,1,0,0,0,1,0,0,0,1,0,0,0,0,1,1,1,1,1,1,6,1,0,0,0,0,0,0,1,0,NA,NA,NA,NA,NA,NA,NA,NA,NA,NA,1,1,NA,NA,NA,NA,NA,NA,NA,NA,NA,1,0,1,0,0,0,0,0,1,0,0,0,0,0,247,0,0,0,0,0,0
211,0,1,1,0,0,0,78,0,0,1,0,0,0,0,0,0,1,0,1,2,5,1,1,1,0,0,0,0,0,0,1,1,0,0,0,1,0,1,1,0,0,0,1,0,1,0,0,1,0,0,1,0,0,0,1,0,0,0,1,0,0,0,1,0,0,0,1,0,0,0,1,0,0,0,1,0,0,0,0,1,1,1,1,1,1,6,1,0,0,1,0,6,0,0,0,NA,NA,NA,NA,NA,NA,NA,NA,NA,NA,1,1,NA,NA,NA,NA,NA,NA,NA,NA,NA,1,0,0,0,0,0,0,0,1,0,1,1,0,0,366,0,0,0,1,0,0
211,1,0,1,0,0,0,80,0,0,0,1,0,0,0,0,0,1,0,0,4,7,1,1,1,0,1,1,1,0,0,0,1,1,1,1,1,1,1,1,0,1,1,1,1,1,1,1,1,0,0,1,0,0,0,1,0,0,0,1,0,0,0,1,0,0,0,1,0,0,0,1,0,0,0,1,0,0,0,0,1,1,1,1,1,1,6,1,0,0,1,0,22,1,1,0,NA,NA,NA,NA,NA,NA,NA,NA,NA,NA,1,1,NA,NA,NA,NA,NA,NA,NA,NA,NA,1,1,0,0,0,0,0,0,0,0,1,1,1,1,252,0,0,1,0,0,0
211,1,0,1,0,0,0,81,0,0,0,1,0,0,1,0,0,0,0,1,1,3,0,0,1,0,0,0,0,0,0,1,1,0,0,0,0,0,0,0,0,0,0,0,0,1,0,0,1,0,0,1,0,0,0,1,0,0,0,1,0,0,0,1,0,0,0,1,0,0,0,1,0,0,0,1,0,0,0,0,1,1,1,1,1,1,6,1,0,0,0,0,17,1,0,1,1,NA,NA,NA,NA,NA,NA,NA,NA,NA,1,0,1,0,0,0,0,0,0,0,0,1,0,1,0,0,0,0,0,0,0,1,1,0,0,262,0,0,0,0,0,0
211,0,1,1,0,0,0,78,0,0,1,0,0,0,0,0,0,1,0,1,2,4,1,0,0,0,1,0,1,0,0,0,1,1,1,1,0,1,1,0,0,1,1,1,1,1,1,1,1,0,0,1,0,0,0,1,0,0,0,1,0,0,0,1,0,0,0,1,0,0,0,1,0,0,0,1,0,0,0,0,1,1,1,1,1,1,6,1,0,0,0,0,23,1,0,0,NA,NA,NA,NA,NA,NA,NA,NA,NA,NA,1,0,0,0,0,0,0,1,0,0,0,1,1,0,0,1,0,0,0,0,0,0,0,0,0,221,0,0,1,0,0,0
211,0,1,1,0,0,0,70,0,0,1,0,0,0,0,0,0,1,0,0,2,5,1,1,0,0,0,0,0,0,1,1,1,0,0,0,1,0,1,0,0,0,1,0,0,0,0,0,1,0,0,1,0,0,0,1,0,0,0,1,0,0,0,1,0,0,0,1,0,0,0,1,0,0,0,1,0,0,0,0,1,1,1,1,1,1,6,1,0,0,0,0,23,1,0,1,1,NA,NA,NA,NA,NA,NA,NA,NA,NA,0,NA,NA,NA,NA,NA,NA,NA,NA,NA,NA,1,1,0,0,0,0,0,0,0,0,1,1,0,0,322,0,0,0,1,0,0
211,0,1,1,0,0,0,80,0,0,0,1,0,0,0,0,0,1,0,0,3,6,1,0,1,0,0,0,1,0,1,1,1,1,1,0,1,0,1,1,0,1,1,1,1,1,0,0,1,0,0,1,0,0,0,1,0,0,0,1,0,0,0,1,0,0,0,1,0,0,0,1,0,0,0,1,0,0,0,0,1,1,1,1,0,1,5,1,0,0,0,1,20,1,1,1,1,NA,NA,NA,NA,NA,NA,NA,NA,NA,1,1,NA,NA,NA,NA,NA,NA,NA,NA,NA,0,0,0,0,0,0,0,0,0,0,1,1,1,1,307,0,0,1,1,0,0
211,0,1,1,0,0,0,62,0,1,0,0,0,0,0,1,0,0,0,0,3,5,0,1,1,1,0,0,0,0,0,1,1,1,0,1,1,0,1,1,0,1,1,1,1,1,1,1,1,0,0,1,0,0,0,1,0,0,0,1,0,0,0,1,0,0,0,1,0,0,0,1,0,0,0,1,0,0,0,0,1,1,1,1,0,1,5,1,0,0,0,1,19,1,0,0,NA,NA,NA,NA,NA,NA,NA,NA,NA,NA,1,1,NA,NA,NA,NA,NA,NA,NA,NA,NA,0,0,0,0,0,0,0,0,0,0,0,0,0,0,333,0,0,0,1,0,0
211,0,1,1,0,0,0,68,0,1,0,0,0,0,0,0,0,1,0,0,2,3,0,1,1,0,0,0,0,0,0,0,1,0,0,0,1,0,1,1,0,0,0,1,0,1,0,0,1,0,0,1,0,0,0,1,0,0,0,1,0,0,0,1,0,0,0,1,0,0,0,1,0,0,0,1,0,0,0,0,1,1,1,1,1,1,6,1,0,0,0,0,18,1,0,0,NA,NA,NA,NA,NA,NA,NA,NA,NA,NA,1,1,NA,NA,NA,NA,NA,NA,NA,NA,NA,0,0,0,0,0,0,0,0,0,0,1,1,0,0,204,0,0,0,0,0,0
212,0,1,0,1,0,0,85,0,0,0,1,0,0,0,0,0,1,0,1,3,2,1,0,0,0,0,0,0,0,0,0,1,0,0,0,0,0,0,0,0,0,0,0,0,0,0,0,1,0,0,1,0,0,0,1,0,0,0,1,0,0,0,1,0,0,0,1,0,0,0,1,0,0,0,1,0,0,0,0,1,1,1,1,1,1,6,1,0,0,1,0,12,0,1,0,NA,NA,NA,NA,NA,NA,NA,NA,NA,NA,1,1,NA,NA,NA,NA,NA,NA,NA,NA,NA,0,0,0,0,0,0,0,0,0,0,0,0,0,0,256,0,0,1,0,0,0
212,1,0,1,0,0,0,61,0,1,0,0,0,0,1,0,0,0,0,0,3,4,0,1,0,0,0,1,0,0,0,1,1,0,0,0,0,0,0,1,0,1,1,1,1,1,1,1,1,0,0,1,0,0,0,1,0,0,0,1,0,0,0,1,0,0,0,1,0,0,0,1,0,0,0,1,0,0,0,0,1,1,1,1,0,1,5,1,0,0,0,1,9,0,0,0,NA,NA,NA,NA,NA,NA,NA,NA,NA,NA,1,1,NA,NA,NA,NA,NA,NA,NA,NA,NA,1,1,1,0,1,0,0,0,0,0,1,1,1,1,296,0,0,1,0,0,0
212,0,1,1,0,0,0,65,0,1,0,0,0,0,0,0,0,1,0,0,3,5,1,1,0,0,0,0,0,0,1,1,1,0,0,0,0,0,0,0,0,0,0,0,0,0,0,0,1,0,0,1,0,0,0,1,0,0,0,1,0,0,0,1,0,0,0,1,0,0,0,1,0,0,0,1,0,0,0,0,1,1,1,1,1,1,6,1,0,0,0,0,17,1,0,0,NA,NA,NA,NA,NA,NA,NA,NA,NA,NA,1,1,NA,NA,NA,NA,NA,NA,NA,NA,NA,1,1,0,0,0,0,0,0,1,0,1,1,0,0,243,0,0,0,1,0,0
212,1,0,1,0,0,0,71,0,0,1,0,0,0,1,0,0,0,0,0,4,7,1,1,1,0,0,1,1,0,0,1,1,1,1,0,1,0,1,1,0,1,1,1,1,1,1,1,1,0,0,1,0,0,0,1,0,0,0,1,0,0,0,1,0,0,0,1,0,0,0,1,0,0,0,1,0,0,0,0,1,1,1,1,1,1,6,1,0,0,0,0,15,1,0,0,NA,NA,NA,NA,NA,NA,NA,NA,NA,NA,1,1,NA,NA,NA,NA,NA,NA,NA,NA,NA,1,1,0,0,0,0,0,0,0,0,1,1,1,1,273,0,0,1,0,0,0
212,0,1,1,0,0,0,75,0,0,1,0,0,0,0,0,0,1,0,0,2,4,1,0,1,0,0,0,0,0,0,1,1,0,0,0,1,0,1,1,0,0,0,1,0,1,0,0,1,0,0,1,0,0,0,1,0,0,0,1,0,0,0,1,0,0,0,1,0,0,0,1,0,0,0,1,0,0,0,0,1,1,1,1,1,1,6,1,0,0,1,0,13,1,0,0,NA,NA,NA,NA,NA,NA,NA,NA,NA,NA,1,1,NA,NA,NA,NA,NA,NA,NA,NA,NA,1,1,0,0,0,0,0,0,1,0,1,1,0,0,267,0,0,0,0,0,0
212,1,0,0,0,1,0,60,0,1,0,0,0,0,0,1,0,0,0,0,2,2,1,0,0,0,0,0,0,0,0,0,1,0,0,0,0,0,0,0,0,0,0,0,0,0,0,0,1,0,0,1,0,0,0,1,0,0,0,1,0,0,0,1,0,0,0,1,0,0,0,1,0,0,0,1,0,0,0,0,1,1,1,1,0,1,5,1,0,0,1,0,18,1,0,1,0,0,0,0,0,0,0,0,0,1,1,0,0,1,0,0,0,0,0,0,0,1,0,0,0,0,0,0,0,1,0,0,0,0,0,249,0,0,0,0,0,0
212,0,1,1,0,0,0,87,0,0,0,1,0,0,1,0,0,0,0,0,4,5,1,1,1,0,0,0,0,0,0,1,1,0,0,0,1,0,1,1,0,0,0,1,0,1,0,0,0,1,0,1,0,0,0,1,0,0,0,1,0,0,0,1,0,0,0,1,0,0,0,1,0,0,0,1,0,0,0,0,1,1,1,1,1,1,6,1,0,0,1,0,12,0,0,0,NA,NA,NA,NA,NA,NA,NA,NA,NA,NA,0,NA,NA,NA,NA,NA,NA,NA,NA,NA,NA,1,1,0,0,0,0,0,0,0,0,1,1,1,1,274,0,0,0,0,0,0
212,0,1,1,0,0,0,80,0,0,0,1,0,0,0,0,0,1,0,1,1,2,1,0,1,0,0,0,0,0,0,0,0,0,0,0,0,0,0,0,0,0,0,0,0,1,0,0,1,0,0,1,0,0,0,1,0,0,0,1,0,0,0,1,0,0,0,1,0,0,0,1,0,0,0,1,0,0,0,0,1,1,1,1,1,1,6,1,0,0,1,0,11,0,0,1,1,NA,NA,NA,NA,NA,NA,NA,NA,NA,1,1,NA,NA,NA,NA,NA,NA,NA,NA,NA,0,0,0,0,0,0,0,0,0,0,1,1,0,0,303,0,0,0,0,0,0
212,1,0,1,0,0,0,85,0,0,0,1,0,0,0,0,1,0,0,0,3,4,1,0,0,0,0,0,1,0,0,1,1,1,1,0,0,0,0,0,0,1,1,1,1,1,0,0,0,1,0,1,0,0,0,1,0,0,0,1,0,0,0,1,0,0,0,1,0,0,0,1,0,0,0,1,0,0,0,0,1,1,1,1,1,1,6,1,0,0,1,0,14,1,0,1,1,NA,NA,NA,NA,NA,NA,NA,NA,NA,1,1,NA,NA,NA,NA,NA,NA,NA,NA,NA,0,0,0,0,0,0,0,0,0,0,1,1,1,1,268,0,0,1,0,0,0
212,1,0,0,1,0,0,72,0,0,1,0,0,0,0,1,0,0,0,0,3,6,1,1,1,0,0,0,1,0,1,0,1,1,1,0,1,0,1,1,0,1,1,1,1,1,0,0,1,0,0,1,0,0,0,1,0,0,0,1,0,0,0,1,0,0,0,1,0,0,0,1,0,0,0,1,0,0,0,0,1,1,1,1,1,1,6,1,0,0,1,0,19,1,0,1,0,1,0,0,0,0,0,0,0,0,1,1,NA,NA,NA,NA,NA,NA,NA,NA,NA,0,0,0,0,0,0,0,0,0,0,0,0,0,0,261,0,0,0,1,0,0
212,1,0,1,0,0,0,80,0,0,0,1,0,0,1,0,0,0,0,1,1,3,1,0,0,0,0,1,0,0,0,0,1,0,0,0,0,0,0,1,0,1,1,1,1,1,1,1,1,0,0,1,0,0,0,1,0,0,0,1,0,0,0,1,0,0,0,1,0,0,0,1,0,0,0,1,0,0,0,0,1,1,1,1,1,1,6,1,0,0,1,0,17,1,0,0,NA,NA,NA,NA,NA,NA,NA,NA,NA,NA,1,1,NA,NA,NA,NA,NA,NA,NA,NA,NA,0,0,0,0,0,0,0,0,0,0,0,0,0,0,217,0,0,0,0,1,1
212,0,1,1,0,0,0,88,0,0,0,1,0,0,0,0,0,1,0,0,2,4,0,1,1,0,0,0,1,0,1,0,0,1,1,0,1,0,1,1,0,1,1,1,1,1,0,0,1,0,0,1,0,0,0,1,0,0,0,1,0,0,0,1,0,0,0,1,0,0,0,1,0,0,0,1,0,0,0,0,1,1,1,1,0,1,5,1,0,0,1,0,16,1,1,1,0,0,0,0,0,0,0,1,0,0,1,0,0,1,0,0,0,0,0,0,0,0,0,0,0,0,0,0,0,0,0,1,1,0,0,195,0,0,1,0,1,0
213,1,0,1,0,0,0,66,0,1,0,0,0,0,0,1,0,0,0,0,2,4,1,1,0,0,0,0,0,0,0,1,1,0,0,0,0,0,0,0,0,0,0,0,0,0,0,0,1,0,0,1,0,0,0,1,0,0,0,1,0,0,0,1,0,0,0,1,0,0,0,1,0,0,0,1,0,0,0,0,1,1,1,1,1,1,6,1,0,0,0,0,22,1,0,0,NA,NA,NA,NA,NA,NA,NA,NA,NA,NA,0,NA,NA,NA,NA,NA,NA,NA,NA,NA,NA,0,0,0,0,0,0,0,0,0,0,1,1,1,0,209,0,0,0,0,0,0
213,0,1,1,0,0,0,70,0,0,1,0,0,0,1,0,0,0,0,0,4,4,1,0,0,0,0,1,0,0,0,1,1,0,0,0,0,0,0,1,0,1,1,1,1,1,1,1,1,0,0,1,0,0,0,1,0,0,0,1,0,0,0,1,0,0,0,1,0,0,0,1,0,0,0,1,0,0,0,0,1,1,1,1,1,1,6,1,0,0,0,0,10,0,0,0,NA,NA,NA,NA,NA,NA,NA,NA,NA,NA,0,NA,NA,NA,NA,NA,NA,NA,NA,NA,NA,0,0,0,0,0,0,0,0,0,0,1,1,0,0,250,0,0,0,0,0,0
213,0,1,1,0,0,0,90,0,0,0,0,1,0,0,0,0,1,0,0,3,4,1,0,1,0,0,1,0,0,0,0,1,0,0,0,1,0,1,1,0,1,1,1,1,1,1,1,1,0,0,1,0,0,0,1,0,0,0,1,0,0,0,1,0,0,0,1,0,0,0,1,0,0,0,1,0,0,0,0,1,1,1,1,1,1,6,1,0,0,0,0,6,0,1,0,NA,NA,NA,NA,NA,NA,NA,NA,NA,NA,0,NA,NA,NA,NA,NA,NA,NA,NA,NA,NA,0,0,0,0,0,0,0,0,0,0,0,0,0,0,210,0,0,0,1,1,0
213,0,1,1,0,0,0,60,0,1,0,0,0,0,0,0,0,1,0,0,2,5,1,1,1,0,0,0,0,0,0,1,1,0,0,0,1,0,1,1,0,0,0,1,0,1,0,0,1,0,0,1,0,0,0,1,0,0,0,1,0,0,0,1,0,0,0,1,0,0,0,1,0,0,0,1,0,0,0,0,1,1,1,1,1,1,6,1,0,0,0,0,19,1,0,1,1,NA,NA,NA,NA,NA,NA,NA,NA,NA,1,1,NA,NA,NA,NA,NA,NA,NA,NA,NA,1,1,0,0,0,0,0,0,0,0,1,1,0,0,293,0,0,1,0,0,0
213,0,1,1,0,0,0,68,0,1,0,0,0,0,0,0,0,1,0,0,4,4,1,1,0,0,0,0,0,0,0,1,1,0,0,0,0,0,0,0,0,0,0,0,0,0,0,0,1,0,0,1,0,0,0,1,0,0,0,1,0,0,0,1,0,0,0,1,0,0,0,1,0,0,0,1,0,0,0,0,1,1,1,1,0,1,5,1,0,0,0,1,12,0,0,1,1,NA,NA,NA,NA,NA,NA,NA,NA,NA,1,1,NA,NA,NA,NA,NA,NA,NA,NA,NA,0,0,0,0,0,0,0,0,0,0,1,1,0,0,236,0,0,1,0,0,0
213,1,0,1,0,0,0,63,0,1,0,0,0,0,1,0,0,0,0,1,2,3,1,0,1,0,0,0,0,0,0,0,1,0,0,0,1,0,1,1,0,0,0,1,0,1,0,0,1,0,0,1,0,0,0,1,0,0,0,1,0,0,0,1,0,0,0,1,0,0,0,1,0,0,0,1,0,0,0,0,1,1,1,1,0,1,5,1,0,0,0,1,14,1,0,0,NA,NA,NA,NA,NA,NA,NA,NA,NA,NA,1,1,NA,NA,NA,NA,NA,NA,NA,NA,NA,1,1,1,0,0,0,0,0,0,0,0,1,0,0,286,0,0,0,0,0,0
213,1,0,1,0,0,0,85,0,0,0,1,0,0,0,0,0,1,0,1,4,5,1,1,1,0,0,0,0,0,0,1,1,0,0,0,1,0,1,1,0,0,0,1,0,1,0,0,1,0,0,1,0,0,0,1,0,0,0,1,0,0,0,1,0,0,0,1,0,0,0,1,0,0,0,1,0,0,0,0,1,1,1,1,1,1,6,1,0,0,1,0,15,1,0,0,NA,NA,NA,NA,NA,NA,NA,NA,NA,NA,0,NA,NA,NA,NA,NA,NA,NA,NA,NA,NA,1,0,0,0,0,0,0,0,1,0,1,1,0,0,252,0,0,0,0,0,0
213,1,0,1,0,0,0,62,0,1,0,0,0,0,0,1,0,0,0,0,5,5,1,0,1,0,0,0,0,0,1,1,1,0,0,0,1,0,1,1,0,0,1,1,0,1,0,0,1,0,0,1,0,0,0,1,0,0,0,1,0,0,0,1,0,0,0,1,0,0,0,1,0,0,0,1,0,0,0,0,1,1,1,1,1,1,6,1,0,0,0,0,4,0,1,0,NA,NA,NA,NA,NA,NA,NA,NA,NA,NA,0,NA,NA,NA,NA,NA,NA,NA,NA,NA,NA,0,0,0,0,0,0,0,0,0,0,1,1,1,1,270,0,0,1,0,0,0
213,0,1,0,1,0,0,93,0,0,0,0,1,0,0,0,0,1,0,1,1,2,1,0,0,0,0,0,0,0,0,0,1,0,0,0,0,0,0,0,0,0,0,0,0,0,0,0,1,0,0,1,0,0,0,1,0,0,0,1,0,0,0,1,0,0,0,1,0,0,0,1,0,0,0,1,0,0,0,0,1,1,1,1,1,1,6,1,0,0,0,0,24,1,1,1,1,NA,NA,NA,NA,NA,NA,NA,NA,NA,1,1,NA,NA,NA,NA,NA,NA,NA,NA,NA,1,0,0,0,0,0,0,0,1,0,1,1,0,0,306,0,0,1,0,0,0
213,0,1,1,0,0,0,85,0,0,0,1,0,0,0,0,0,1,0,0,4,9,1,1,1,1,0,1,1,0,1,1,1,1,1,1,1,0,1,1,0,1,1,1,1,1,1,1,0,1,0,1,0,0,0,1,0,0,0,1,0,0,0,1,0,0,0,1,0,0,0,1,0,0,0,1,0,0,0,0,1,1,1,1,1,1,6,1,0,0,1,0,12,0,0,0,NA,NA,NA,NA,NA,NA,NA,NA,NA,NA,1,1,NA,NA,NA,NA,NA,NA,NA,NA,NA,1,1,0,0,0,0,0,0,0,0,1,1,0,0,292,1,1,1,0,0,0
213,0,1,1,0,0,0,70,0,0,1,0,0,0,0,0,0,1,0,0,2,3,1,0,0,0,0,1,0,0,0,0,1,0,0,0,0,0,0,1,0,1,1,1,1,1,1,1,0,1,0,1,0,0,0,1,0,0,0,1,0,0,0,1,0,0,0,1,0,0,0,1,0,0,0,1,0,0,0,0,1,1,1,1,1,1,6,1,0,0,1,0,4,0,0,0,NA,NA,NA,NA,NA,NA,NA,NA,NA,NA,0,NA,NA,NA,NA,NA,NA,NA,NA,NA,NA,1,1,0,0,0,0,0,0,1,0,0,1,0,0,285,0,0,0,0,0,0
213,0,1,1,0,0,0,64,0,1,0,0,0,0,0,0,0,1,0,0,4,6,1,1,1,0,0,1,1,0,0,0,1,1,1,0,1,0,1,1,0,1,1,1,1,1,1,1,1,0,0,1,0,0,0,1,0,0,0,1,0,0,0,1,0,0,0,1,0,0,0,1,0,0,0,1,0,0,0,0,1,1,1,1,0,1,5,1,0,0,1,0,9,0,0,1,1,NA,NA,NA,NA,NA,NA,NA,NA,NA,1,1,NA,NA,NA,NA,NA,NA,NA,NA,NA,1,1,0,0,0,0,0,0,0,0,0,0,0,0,257,0,0,1,1,0,0
214,0,1,1,0,0,0,61,0,1,0,0,0,0,1,0,0,0,0,0,4,7,1,1,1,1,0,1,1,0,0,0,1,1,1,1,1,0,1,1,0,1,1,1,1,1,1,1,0,1,0,1,0,0,0,1,0,0,0,1,0,0,0,1,0,0,0,1,0,0,0,1,0,0,0,1,0,0,0,0,1,1,1,1,1,1,6,1,0,0,1,0,6,0,0,0,NA,NA,NA,NA,NA,NA,NA,NA,NA,NA,1,1,NA,NA,NA,NA,NA,NA,NA,NA,NA,1,1,0,0,0,0,0,0,0,0,1,1,1,1,325,0,0,0,0,0,0
214,1,0,1,0,0,0,67,0,1,0,0,0,0,1,0,0,0,0,1,3,6,1,1,1,0,0,1,0,0,1,0,1,0,0,0,1,0,1,1,0,1,1,1,1,1,1,1,0,1,0,1,0,0,0,1,0,0,0,1,0,0,0,1,0,0,0,1,0,0,0,1,0,0,0,1,0,0,0,0,1,1,1,1,1,1,6,1,0,0,1,0,9,0,0,0,NA,NA,NA,NA,NA,NA,NA,NA,NA,NA,1,1,NA,NA,NA,NA,NA,NA,NA,NA,NA,1,1,1,0,0,0,0,0,1,0,1,1,0,0,253,0,0,0,0,0,0
214,0,1,1,0,0,0,65,0,1,0,0,0,0,0,0,0,1,0,0,2,3,0,1,0,0,0,0,0,0,0,1,1,0,0,0,0,0,0,0,0,0,0,0,0,0,0,0,1,0,0,1,0,0,0,1,0,0,0,1,0,0,0,1,0,0,0,1,0,0,0,1,0,0,0,1,0,0,0,0,1,1,1,1,1,1,6,1,0,0,1,0,19,1,0,1,1,NA,NA,NA,NA,NA,NA,NA,NA,NA,1,1,NA,NA,NA,NA,NA,NA,NA,NA,NA,0,0,0,0,0,0,0,0,0,0,1,1,0,0,256,0,0,1,0,0,0
214,1,0,0,0,1,0,78,0,0,1,0,0,0,0,0,1,0,0,0,3,6,1,1,0,0,0,1,0,0,1,1,1,0,0,0,1,0,1,1,0,1,1,1,1,1,1,1,1,0,0,1,0,0,0,1,0,0,0,1,0,0,0,1,0,0,0,1,0,0,0,1,0,0,0,1,0,0,0,0,1,1,1,1,1,1,6,1,0,0,1,0,19,1,1,0,NA,NA,NA,NA,NA,NA,NA,NA,NA,NA,0,NA,NA,NA,NA,NA,NA,NA,NA,NA,NA,0,0,0,0,0,0,0,0,0,0,1,1,0,0,252,0,0,1,0,0,0
214,1,0,1,0,0,0,65,0,1,0,0,0,0,1,0,0,0,0,0,4,5,1,1,1,0,0,1,0,0,0,0,1,0,0,0,1,0,1,1,0,1,1,1,1,1,1,1,0,1,0,1,0,0,0,1,0,0,0,1,0,0,0,1,0,0,0,1,0,0,0,1,0,0,0,1,0,0,0,0,1,1,1,1,1,1,6,1,0,0,1,0,2,0,0,0,NA,NA,NA,NA,NA,NA,NA,NA,NA,NA,1,1,NA,NA,NA,NA,NA,NA,NA,NA,NA,1,1,0,1,0,0,0,0,0,0,1,1,1,1,336,0,0,0,0,0,0
214,0,1,0,1,0,0,60,0,1,0,0,0,0,0,0,0,1,0,0,1,3,1,0,1,0,0,0,0,0,0,0,1,0,0,0,1,0,1,1,0,0,0,1,0,1,0,0,1,0,0,1,0,0,0,1,0,0,0,1,0,0,0,1,0,0,0,1,0,0,0,1,0,0,0,1,0,0,0,0,1,1,1,1,0,1,5,1,0,0,0,1,21,1,0,1,0,0,0,1,0,0,0,0,0,0,1,0,0,1,0,0,0,0,0,0,0,1,1,0,0,0,0,0,0,1,0,1,1,0,0,251,0,0,0,1,0,0
214,1,0,1,0,0,0,74,0,0,1,0,0,0,1,0,0,0,0,0,3,5,1,1,1,0,0,1,0,0,0,0,1,0,0,0,1,0,1,1,0,1,1,1,1,1,1,1,1,0,0,1,0,0,0,1,0,0,0,1,0,0,0,1,0,0,0,1,0,0,0,1,0,0,0,1,0,0,0,0,1,1,1,1,1,1,6,1,0,0,1,0,7,0,0,1,0,0,0,0,1,0,0,0,0,0,1,0,0,1,0,0,0,0,0,0,0,1,1,0,0,1,0,0,0,0,0,0,1,0,0,254,0,0,0,1,0,0
214,0,1,1,0,0,0,69,0,1,0,0,0,0,0,0,0,1,0,0,2,2,1,0,0,0,0,0,0,0,0,0,1,0,0,0,0,0,0,0,0,0,0,0,0,0,0,0,1,0,0,1,0,0,0,1,0,0,0,1,0,0,0,1,0,0,0,1,0,0,0,1,0,0,0,1,0,0,0,0,1,1,1,1,1,1,6,1,0,0,0,0,17,1,1,0,NA,NA,NA,NA,NA,NA,NA,NA,NA,NA,1,1,NA,NA,NA,NA,NA,NA,NA,NA,NA,0,0,0,0,0,0,0,0,0,0,0,0,0,0,234,0,0,0,1,0,0
214,1,0,1,0,0,0,75,0,0,1,0,0,0,0,0,1,0,0,0,2,5,1,0,0,0,0,0,1,0,1,1,1,1,1,0,0,0,0,0,0,1,1,1,1,1,0,0,0,1,0,1,0,0,0,1,0,0,0,1,0,0,0,1,0,0,0,1,0,0,0,1,0,0,0,1,0,0,0,0,1,1,1,1,1,1,6,1,0,0,0,0,10,0,0,0,NA,NA,NA,NA,NA,NA,NA,NA,NA,NA,1,1,NA,NA,NA,NA,NA,NA,NA,NA,NA,0,0,0,0,0,0,0,0,0,0,1,1,1,1,308,0,0,1,0,0,0
214,0,1,1,0,0,0,67,0,1,0,0,0,0,0,0,0,1,0,0,3,6,1,1,1,0,0,1,1,0,0,0,1,1,1,0,1,0,1,1,0,1,1,1,1,1,1,1,1,0,0,1,0,0,0,1,0,0,0,1,0,0,0,1,0,0,0,1,0,0,0,1,0,0,0,1,0,0,0,0,1,1,1,1,0,1,5,1,0,0,1,0,7,0,0,1,1,NA,NA,NA,NA,NA,NA,NA,NA,NA,1,1,NA,NA,NA,NA,NA,NA,NA,NA,NA,1,1,0,0,0,0,0,0,1,0,0,0,0,0,243,0,0,1,0,0,0
214,0,1,1,0,0,0,68,0,1,0,0,0,0,0,0,0,1,0,0,3,6,1,0,1,0,1,0,1,0,1,0,1,1,1,1,1,1,1,1,0,1,1,1,1,1,1,1,0,1,0,1,0,0,0,1,0,0,0,1,0,0,0,1,0,0,0,1,0,0,0,1,0,0,0,1,0,0,0,0,1,1,1,1,1,1,6,1,0,0,1,0,2,0,0,0,NA,NA,NA,NA,NA,NA,NA,NA,NA,NA,1,1,NA,NA,NA,NA,NA,NA,NA,NA,NA,1,1,0,0,0,1,0,0,0,0,1,1,1,1,306,0,0,0,0,0,0
214,0,1,1,0,0,0,63,0,1,0,0,0,0,0,0,0,1,0,0,3,5,1,1,1,0,0,0,1,0,0,0,1,1,1,0,1,0,1,1,0,1,1,1,1,1,0,0,1,0,0,1,0,0,0,1,0,0,0,1,0,0,0,1,0,0,0,1,0,0,0,1,0,0,0,1,0,0,0,0,1,1,1,1,0,1,5,1,0,0,1,0,8,0,0,1,0,0,1,0,0,0,0,0,0,0,1,0,0,1,0,0,0,0,0,0,0,1,1,0,0,1,0,0,0,1,0,0,1,0,0,289,0,0,1,1,0,0
215,0,1,1,0,0,0,70,0,0,1,0,0,0,0,0,0,1,0,0,1,2,0,0,0,0,0,0,0,0,0,1,1,0,0,0,0,0,0,0,0,0,0,0,0,0,0,0,1,0,0,1,0,0,0,1,0,0,0,1,0,0,0,1,0,0,0,1,0,0,0,1,0,0,0,1,0,0,0,0,1,1,1,1,1,1,6,1,0,0,0,0,22,1,0,0,NA,NA,NA,NA,NA,NA,NA,NA,NA,NA,0,NA,NA,NA,NA,NA,NA,NA,NA,NA,NA,1,1,0,0,0,0,0,0,1,0,1,1,0,0,266,0,0,0,1,1,1
215,0,1,1,0,0,0,65,0,1,0,0,0,0,0,1,0,0,0,0,4,3,1,0,0,0,0,0,0,0,0,1,1,0,0,0,0,0,0,0,0,0,0,0,0,0,0,0,1,0,0,1,0,0,0,1,0,0,0,1,0,0,0,1,0,0,0,1,0,0,0,1,0,0,0,1,0,0,0,0,1,1,1,1,1,1,6,1,0,0,0,0,14,1,0,0,NA,NA,NA,NA,NA,NA,NA,NA,NA,NA,1,1,NA,NA,NA,NA,NA,NA,NA,NA,NA,0,0,0,0,0,0,0,0,0,0,1,1,1,1,302,0,0,0,0,0,0
215,0,1,0,0,1,0,60,0,1,0,0,0,0,1,0,0,0,0,0,2,4,1,1,0,0,0,0,1,0,0,0,1,1,1,0,0,0,0,0,0,1,1,1,1,1,0,0,1,0,0,1,0,0,0,1,0,0,0,1,0,0,0,1,0,0,0,1,0,0,0,1,0,0,0,1,0,0,0,0,1,1,1,1,1,1,6,1,0,0,1,0,7,0,0,1,1,NA,NA,NA,NA,NA,NA,NA,NA,NA,1,1,NA,NA,NA,NA,NA,NA,NA,NA,NA,1,1,0,0,0,0,0,0,0,0,1,1,0,0,307,0,1,1,1,0,0
215,1,0,1,0,0,0,62,0,1,0,0,0,0,1,0,0,0,0,0,3,7,1,1,1,0,0,1,1,0,1,0,1,1,1,0,1,0,1,1,0,1,1,1,1,1,1,1,0,1,0,1,0,0,0,1,0,0,0,1,0,0,0,1,0,0,0,1,0,0,0,1,0,0,0,1,0,0,0,0,1,1,1,1,1,1,6,1,0,0,0,0,2,0,0,0,NA,NA,NA,NA,NA,NA,NA,NA,NA,NA,1,1,NA,NA,NA,NA,NA,NA,NA,NA,NA,1,1,0,0,0,0,0,0,0,0,1,1,0,0,296,0,0,0,0,0,0
215,1,0,1,0,0,0,61,0,1,0,0,0,0,1,0,0,0,0,0,2,3,1,0,0,0,0,1,0,0,0,0,1,0,0,0,0,0,0,1,0,1,1,1,1,1,1,1,1,0,0,1,0,0,0,1,0,0,0,1,0,0,0,1,0,0,0,1,0,0,0,1,0,0,0,1,0,0,0,0,1,1,1,1,0,1,5,1,0,0,0,1,11,0,0,0,NA,NA,NA,NA,NA,NA,NA,NA,NA,NA,1,0,0,1,0,0,0,0,0,0,0,1,1,1,0,0,0,1,0,0,0,0,0,0,0,253,0,0,1,0,0,0
215,1,0,1,0,0,0,65,0,1,0,0,0,0,1,0,0,0,0,1,3,3,1,0,1,0,0,0,0,0,0,0,1,0,0,0,1,0,1,1,0,0,0,1,0,1,0,0,1,0,0,1,0,0,0,1,0,0,0,1,0,0,0,1,0,0,0,1,0,0,0,1,0,0,0,1,0,0,0,0,1,1,1,1,0,1,5,1,0,0,0,1,19,1,0,1,1,NA,NA,NA,NA,NA,NA,NA,NA,NA,0,NA,NA,NA,NA,NA,NA,NA,NA,NA,NA,1,1,0,0,0,0,0,0,0,0,0,0,0,0,253,0,0,1,0,0,0
215,0,1,1,0,0,0,63,0,1,0,0,0,0,0,0,0,1,0,0,1,3,1,0,1,0,0,0,0,0,0,0,1,0,0,0,1,0,1,1,0,0,0,1,0,1,0,0,0,0,0,1,0,0,0,1,0,0,0,1,0,0,0,1,0,0,0,1,0,0,0,1,0,0,0,1,0,0,0,0,1,1,1,1,1,1,6,1,0,0,0,0,18,1,0,1,1,NA,NA,NA,NA,NA,NA,NA,NA,NA,1,1,NA,NA,NA,NA,NA,NA,NA,NA,NA,0,0,0,0,0,0,0,0,0,0,1,1,1,1,336,0,0,0,0,0,0
215,1,0,1,0,0,0,65,0,1,0,0,0,0,0,1,0,0,0,0,4,3,1,0,0,0,0,0,0,0,0,1,1,0,0,0,0,0,0,0,0,0,0,0,0,0,0,0,1,0,0,1,0,0,0,1,0,0,0,1,0,0,0,1,0,0,0,1,0,0,0,1,0,0,0,1,0,0,0,0,1,1,1,1,1,1,6,1,0,0,1,0,13,1,0,1,1,NA,NA,NA,NA,NA,NA,NA,NA,NA,1,1,NA,NA,NA,NA,NA,NA,NA,NA,NA,0,0,0,0,0,0,0,0,0,0,1,1,1,1,268,0,0,0,0,0,0
215,0,1,1,0,0,0,63,0,1,0,0,0,0,1,0,0,0,0,0,3,5,1,1,1,0,0,0,0,0,0,1,1,0,0,0,1,0,1,1,0,0,0,1,0,1,0,0,0,1,0,1,0,0,0,1,0,0,0,1,0,0,0,1,0,0,0,1,0,0,0,1,0,0,0,1,0,0,0,0,1,1,1,1,0,1,5,1,0,0,1,0,4,0,0,1,1,NA,NA,NA,NA,NA,NA,NA,NA,NA,1,1,NA,NA,NA,NA,NA,NA,NA,NA,NA,1,1,0,0,0,0,0,0,0,0,1,1,1,1,262,0,0,0,0,0,0
215,0,1,1,0,0,0,60,0,1,0,0,0,0,1,0,0,0,0,1,3,3,1,0,1,0,0,0,0,0,0,0,1,0,0,0,1,0,1,1,0,0,0,1,0,1,0,0,1,0,0,1,0,0,0,1,0,0,0,1,0,0,0,1,0,0,0,1,0,0,0,1,0,0,0,1,0,0,0,0,1,1,1,1,0,1,5,1,0,0,0,1,19,1,1,0,NA,NA,NA,NA,NA,NA,NA,NA,NA,NA,1,1,NA,NA,NA,NA,NA,NA,NA,NA,NA,1,1,0,0,0,0,0,0,0,0,0,0,0,0,294,0,0,0,0,0,0
215,1,0,1,0,0,0,74,0,0,1,0,0,0,1,0,0,0,0,0,2,3,1,1,0,0,0,0,1,0,0,0,0,1,1,0,0,0,0,0,0,1,1,1,1,1,0,0,0,1,0,1,0,0,0,1,0,0,0,1,0,0,0,1,0,0,0,1,0,0,0,1,0,0,0,1,0,0,0,0,1,1,1,1,1,1,6,1,0,0,0,0,0,0,0,0,NA,NA,NA,NA,NA,NA,NA,NA,NA,NA,1,1,NA,NA,NA,NA,NA,NA,NA,NA,NA,1,1,0,1,0,0,0,0,0,0,1,1,0,0,291,0,1,0,0,0,0
215,1,0,1,0,0,0,65,0,1,0,0,0,0,1,0,0,0,0,0,3,3,1,0,1,0,0,0,0,0,0,0,1,0,0,0,1,0,1,0,0,0,0,0,0,1,0,0,1,0,0,1,0,0,0,1,0,0,0,1,0,0,0,1,0,0,0,1,0,0,0,1,0,0,0,1,0,0,0,0,1,1,1,1,1,1,6,1,0,0,0,0,4,0,0,0,NA,NA,NA,NA,NA,NA,NA,NA,NA,NA,1,0,0,1,0,0,0,0,0,0,0,1,1,0,0,0,0,0,0,0,0,1,1,1,1,296,0,0,0,0,0,0
216,1,0,1,0,0,0,85,0,0,0,1,0,0,0,1,0,0,0,0,3,2,1,0,0,0,0,0,0,0,0,0,1,0,0,0,0,0,0,0,0,0,0,0,0,0,0,0,1,0,0,1,0,0,0,1,0,0,0,1,0,0,0,1,0,0,0,1,0,0,0,1,0,0,0,1,0,0,0,0,1,1,1,1,0,1,5,1,0,0,0,1,11,0,0,1,1,NA,NA,NA,NA,NA,NA,NA,NA,NA,1,1,NA,NA,NA,NA,NA,NA,NA,NA,NA,0,0,0,0,0,0,0,0,0,0,1,1,0,0,228,0,0,1,0,0,0
216,0,1,1,0,0,0,67,0,1,0,0,0,0,1,0,0,0,0,0,4,7,1,1,1,0,0,1,1,0,1,0,1,1,1,0,1,0,1,1,0,1,1,1,1,1,1,1,0,1,0,1,0,0,0,1,0,0,0,1,0,0,0,1,0,0,0,1,0,0,0,1,0,0,0,1,0,0,0,0,1,1,1,1,1,1,6,1,0,0,1,0,11,0,0,0,NA,NA,NA,NA,NA,NA,NA,NA,NA,NA,1,1,NA,NA,NA,NA,NA,NA,NA,NA,NA,0,0,0,0,0,0,0,0,0,0,1,1,0,0,272,0,0,0,0,0,0
216,1,0,0,1,0,0,81,0,0,0,1,0,0,1,0,0,0,0,0,1,3,1,0,1,0,0,0,0,0,0,0,1,0,0,0,1,0,1,1,0,0,0,1,0,1,0,0,1,0,0,1,0,0,0,1,0,0,0,1,0,0,0,1,0,0,0,1,0,0,0,1,0,0,0,1,0,0,0,0,1,1,1,1,1,1,6,1,0,0,0,0,14,1,0,1,1,NA,NA,NA,NA,NA,NA,NA,NA,NA,1,1,NA,NA,NA,NA,NA,NA,NA,NA,NA,1,1,0,0,0,0,0,0,0,0,1,1,0,0,297,0,0,1,1,0,0
216,0,1,1,0,0,0,67,0,1,0,0,0,1,0,0,0,0,0,0,3,6,1,1,1,0,0,1,1,0,0,0,1,1,1,0,1,0,1,1,0,1,1,1,1,1,1,1,1,0,0,1,0,0,0,1,0,0,0,1,0,0,0,1,0,0,0,1,0,0,0,1,0,0,0,1,0,0,0,0,1,1,1,1,1,1,6,1,0,0,1,0,8,0,0,1,0,1,0,0,0,0,0,0,0,0,1,0,1,0,0,0,0,0,0,0,0,1,1,0,0,1,0,0,0,1,0,0,1,0,0,273,0,0,1,0,0,0
216,0,1,1,0,0,0,62,0,1,0,0,0,0,0,0,0,1,0,0,3,4,1,1,1,0,0,0,0,0,0,0,1,0,0,0,1,0,1,1,0,0,0,1,0,1,0,0,1,0,0,1,0,0,0,1,0,0,0,1,0,0,0,1,0,0,0,1,0,0,0,1,0,0,0,1,0,0,0,0,1,1,1,1,1,1,6,1,0,0,0,0,12,0,0,1,0,0,1,0,0,0,0,0,0,0,1,0,0,1,0,0,0,0,0,0,0,1,1,0,0,1,0,0,0,1,0,0,1,0,0,308,0,0,0,1,0,0
216,0,1,1,0,0,0,61,0,1,0,0,0,0,0,0,0,1,0,0,3,4,1,0,0,0,0,0,0,0,1,1,1,0,0,0,1,0,1,0,0,0,1,0,0,0,0,0,1,0,0,1,0,0,0,1,0,0,0,1,0,0,0,1,0,0,0,1,0,0,0,1,0,0,0,1,0,0,0,0,1,1,1,1,1,1,6,1,0,0,1,0,20,1,0,0,NA,NA,NA,NA,NA,NA,NA,NA,NA,NA,0,NA,NA,NA,NA,NA,NA,NA,NA,NA,NA,1,1,0,0,0,0,0,0,0,0,1,1,0,0,315,0,0,0,0,0,0
216,1,0,1,0,0,0,74,0,0,1,0,0,0,1,0,0,0,0,0,2,4,1,0,1,0,0,1,0,0,0,0,1,0,0,0,1,0,1,1,0,1,1,1,1,1,1,1,1,0,0,1,0,0,0,1,0,0,0,1,0,0,0,1,0,0,0,1,0,0,0,1,0,0,0,1,0,0,0,0,1,1,1,1,1,1,6,1,0,0,1,0,18,1,1,1,1,NA,NA,NA,NA,NA,NA,NA,NA,NA,1,1,NA,NA,NA,NA,NA,NA,NA,NA,NA,0,0,0,0,0,0,0,0,0,0,1,1,1,1,300,0,0,1,0,0,0
216,0,1,1,0,0,0,60,0,1,0,0,0,0,0,0,0,1,0,0,5,5,1,0,1,0,0,0,1,0,0,1,1,1,1,0,1,0,1,1,0,1,1,1,1,1,0,0,1,0,0,1,0,0,0,1,0,0,0,1,0,0,0,1,0,0,0,1,0,0,0,1,0,0,0,1,0,0,0,0,1,1,1,1,1,1,6,1,0,0,0,0,13,1,0,0,NA,NA,NA,NA,NA,NA,NA,NA,NA,NA,1,1,NA,NA,NA,NA,NA,NA,NA,NA,NA,0,0,0,0,0,0,0,0,0,0,1,1,1,1,338,0,0,0,0,0,0
216,1,0,1,0,0,0,70,0,0,1,0,0,0,1,0,0,0,0,0,2,4,1,0,1,0,0,0,0,0,0,1,1,0,0,0,1,0,1,1,0,0,0,1,0,1,0,0,0,0,1,1,0,0,0,1,0,0,0,1,0,0,0,1,0,0,0,1,0,0,0,1,0,0,0,1,0,0,0,0,0,0,0,0,0,0,0,0,0,1,0,1,16,1,0,0,NA,NA,NA,NA,NA,NA,NA,NA,NA,NA,1,1,NA,NA,NA,NA,NA,NA,NA,NA,NA,1,1,0,0,0,0,0,0,0,0,1,1,1,1,274,0,1,0,0,0,0
216,0,1,0,0,1,0,80,0,0,0,1,0,0,0,0,0,1,0,0,3,6,0,1,1,0,0,0,0,1,1,1,1,1,0,1,1,1,1,1,1,0,1,1,0,1,1,0,1,0,0,1,0,0,0,1,0,0,0,1,0,0,0,1,0,0,0,1,0,0,0,1,0,0,0,1,0,0,0,0,1,1,1,1,1,1,6,1,0,0,1,0,14,1,0,0,NA,NA,NA,NA,NA,NA,NA,NA,NA,NA,1,1,NA,NA,NA,NA,NA,NA,NA,NA,NA,1,1,0,0,0,0,0,0,0,0,1,1,0,0,230,0,0,0,0,0,0
216,0,1,1,0,0,0,65,0,1,0,0,0,0,1,0,0,0,0,0,2,7,1,1,0,1,0,1,1,0,1,0,1,1,1,1,0,0,0,1,0,1,1,1,1,1,1,1,1,0,0,1,0,0,0,1,0,0,0,1,0,0,0,1,0,0,0,1,0,0,0,1,0,0,0,1,0,0,0,0,1,1,1,1,1,1,6,1,0,0,1,0,23,1,1,1,1,NA,NA,NA,NA,NA,NA,NA,NA,NA,1,1,NA,NA,NA,NA,NA,NA,NA,NA,NA,0,0,0,0,0,0,0,0,0,0,1,1,1,1,361,1,1,1,0,0,0
216,0,1,1,0,0,0,67,0,1,0,0,0,0,0,0,0,1,0,1,2,3,1,0,1,0,0,0,0,0,0,0,1,0,0,0,1,0,1,1,0,0,0,1,0,1,0,0,1,0,0,1,0,0,0,1,0,0,0,1,0,0,0,1,0,0,0,1,0,0,0,1,0,0,0,1,0,0,0,0,1,1,1,1,0,1,5,1,0,0,1,0,18,1,1,0,NA,NA,NA,NA,NA,NA,NA,NA,NA,NA,1,1,NA,NA,NA,NA,NA,NA,NA,NA,NA,0,0,0,0,0,0,0,0,0,0,0,1,0,0,278,0,0,0,0,0,0
